domain,outcome,http_status,protocol_version,capabilities,catalogue_searchable,blockers,top_blocker
shopify.com,no-profile,404,,,,,
myshopify.com,no-profile,404,,,,,
barnesandnoble.com,checked,200,2026-08-25,9,yes,0,
nanit.com,checked,200,2026-08-25,8,yes,0,
wyze.com,checked,200,2026-08-25,8,yes,0,
boat-lifestyle.com,checked,200,2026-08-25,8,yes,0,
discoverpilgrim.com,checked,200,2026-08-25,9,yes,0,
nishatlinen.com,checked,200,2026-08-25,9,yes,0,
jbhifi.com.au,checked,200,2026-08-25,8,yes,0,
saya.pk,checked,200,2026-08-25,9,yes,0,
zellbury.com,checked,200,2026-08-25,9,yes,0,
mova-tech.com,checked,200,2026-08-25,9,yes,0,
botslab.com,checked,200,2026-08-25,8,yes,0,
harpercollins.com,checked,200,2026-08-25,9,yes,0,
fashionnova.com,checked,200,2026-08-25,8,yes,0,
libas.in,checked,200,2026-08-25,9,yes,0,
august.com,checked,200,2026-08-25,9,yes,0,
sensibo.com,checked,200,2026-08-25,9,yes,0,
threadless.com,checked,200,2026-08-25,8,yes,0,
aosulife.com,checked,200,2026-08-25,8,yes,0,
ezlo.com,checked,200,2026-08-25,9,yes,0,
indigo.ca,checked,200,2026-08-25,8,yes,0,
daisonet.com,checked,200,2026-08-25,9,yes,0,
junaidjamshed.com,checked,200,2026-08-25,8,yes,0,
worldofbooks.com,checked,200,2026-08-25,8,yes,0,
chiikawamarket.jp,checked,200,2026-08-25,8,yes,0,
palmonas.com,checked,200,2026-08-25,8,yes,0,
stanley1913.com,checked,200,2026-08-25,8,yes,0,
bodybuilding.com,checked,200,2026-08-25,8,yes,0,
withings.com,checked,200,2026-08-25,9,yes,0,
nixplay.com,checked,200,2026-08-25,8,yes,0,
kunasystems.com,checked,200,2026-08-25,8,yes,0,
native-instruments.com,checked,200,2026-08-25,9,yes,0,
morenutrition.de,checked,200,2026-08-25,8,yes,0,
cupshe.com,checked,200,2026-08-25,8,yes,0,
trouver-tech.com,checked,200,2026-08-25,9,yes,0,
nanoleaf.me,checked,200,2026-08-25,8,yes,0,
brilliant.tech,checked,200,2026-08-25,9,yes,0,
momcozy.com,checked,200,2026-08-25,8,yes,0,
lockly.com,checked,200,2026-08-25,8,yes,0,
society6.com,checked,200,2026-08-25,9,yes,0,
glitchproductions.store,checked,200,2026-08-25,8,yes,0,
pepstores.com,checked,200,2026-08-25,9,yes,0,
qikify.com,checked,200,2026-08-25,9,yes,0,
limelight.pk,checked,200,2026-08-25,8,yes,0,
stylo.pk,checked,200,2026-08-25,9,yes,0,
edenrobe.com,checked,200,2026-08-25,9,yes,0,
deodap.in,checked,200,2026-08-25,8,yes,0,
jockey.in,checked,200,2026-08-25,9,yes,0,
littleboxindia.com,checked,200,2026-08-25,8,yes,0,
beechtree.pk,checked,200,2026-08-25,9,yes,0,
myoddballs.com,checked,200,2026-08-25,8,yes,0,
istudiosg.com,checked,200,2026-08-25,9,yes,0,
ethnc.com,checked,200,2026-08-25,8,yes,0,
redtape.com,checked,200,2026-08-25,8,yes,0,
triveniworld.com,checked,200,2026-08-25,9,yes,0,
gharsoaps.shop,checked,200,2026-08-25,9,yes,0,
scholl-shoes.com,checked,200,2026-08-25,8,yes,0,
amaroso.com.au,checked,200,2026-08-25,8,yes,0,
aloyoga.com,checked,200,2026-08-25,8,yes,0,
nzxt.com,checked,200,2026-08-25,9,yes,0,
gibson.com,checked,200,2026-08-25,9,yes,0,
gymshark.com,checked,200,2026-08-25,8,yes,0,
xtool.com,checked,200,2026-08-25,8,yes,0,
versobooks.com,checked,200,2026-08-25,9,yes,0,
skims.com,checked,200,2026-08-25,8,yes,0,
reebok.com,checked,200,2026-08-25,8,yes,0,
bricobravo.com,checked,200,2026-08-25,9,yes,0,
dressyourparents.com,checked,200,2026-08-25,8,yes,0,
uaudio.com,checked,200,2026-08-25,8,yes,0,
stayhard.com,checked,200,2026-08-25,8,yes,0,
lacrossetechnology.com,checked,200,2026-08-25,9,yes,0,
nothing.tech,checked,200,2026-08-25,9,yes,0,
tsuchiya-kaban.com,checked,200,2026-08-25,8,yes,0,
transtore.app,checked,200,2026-08-25,9,yes,0,
elegoo.com,checked,200,2026-08-25,9,yes,0,
mammotion.com,checked,200,2026-08-25,9,yes,0,
bills-exhausts.com,checked,200,2026-08-25,9,yes,0,
fashionphile.com,checked,200,2026-08-25,8,yes,0,
decathlon.com,checked,200,2026-08-25,8,yes,0,
gooutdoors.co.uk,checked,200,2026-08-25,9,yes,0,
plumgoodness.com,checked,200,2026-08-25,8,yes,0,
benetton.com,checked,200,2026-08-25,8,yes,0,
markbroumand.com,checked,200,2026-08-25,9,yes,0,
cosplaysupplies.com,unreachable,,,,,,
one8.com,checked,200,2026-08-25,9,yes,0,
quboworld.com,checked,200,2026-08-25,9,yes,0,
plaud.ai,checked,200,2026-08-25,8,yes,0,
forever21.com,checked,200,2026-08-25,8,yes,0,
greatergood.com,checked,200,2026-08-25,9,yes,0,
britishessentials.com,checked,200,2026-08-25,9,yes,0,
gelacy.app,checked,200,2026-08-25,8,yes,0,
suzhoudress.com,checked,200,2026-08-25,8,yes,0,
stevemadden.com,checked,200,2026-08-25,8,yes,0,
fritz.com,checked,200,2026-08-25,9,yes,0,
shrinetheme.com,checked,200,2026-08-25,8,yes,0,
japaniful.com,checked,200,2026-08-25,8,yes,0,
k-playlist.com,checked,200,2026-08-25,9,yes,0,
rosellejewelry.com,checked,200,2026-08-25,9,yes,0,
vitressa.com,checked,200,2026-08-25,9,yes,0,
esn.com,checked,200,2026-08-25,9,yes,0,
maccosmetics.com,checked,200,2026-08-25,8,yes,0,
lovecrafts.com,checked,200,2026-08-25,8,yes,0,
shopifypreview.com,no-profile,404,,,,,
seaislandcoffee.com,checked,200,2026-08-25,8,yes,0,
thebodyshop.com,checked,200,2026-08-25,8,yes,0,
tipa.eu,checked,200,2026-08-25,8,yes,0,
neweracap.com,checked,200,2026-08-25,8,yes,0,
aldoshoes.com,checked,200,2026-08-25,8,yes,0,
presonus.com,checked,200,2026-08-25,8,yes,0,
toysrus.com,checked,200,2026-08-25,9,yes,0,
atari.com,blocked,403,,,,,
mccormick.com,checked,200,2026-08-25,9,yes,0,
danielwellington.com,checked,200,2026-08-25,8,yes,0,
yarnspirations.com,checked,200,2026-08-25,8,yes,0,
davidsbridal.com,checked,200,2026-08-25,8,yes,0,
zulily.com,checked,200,2026-08-25,8,yes,0,
eddiebauer.com,checked,200,2026-08-25,9,yes,0,
phaidon.com,checked,200,2026-08-25,9,yes,0,
otterbox.com,checked,200,2026-08-25,8,yes,0,
toms.com,checked,200,2026-08-25,9,yes,0,
oclean.com,checked,200,2026-08-25,9,yes,0,
colehaan.com,checked,200,2026-08-25,8,yes,0,
laurageller.com,checked,200,2026-08-25,8,yes,0,
antik.sk,checked,200,2026-08-25,8,yes,0,
asiangroceronline.com.au,checked,200,2026-08-25,8,yes,0,
mixerdirect.com,checked,200,2026-08-25,9,yes,0,
milbstore.com,checked,200,2026-08-25,8,yes,0,
flyingtiger.com,checked,200,2026-08-25,8,yes,0,
patou.com,checked,200,2026-08-25,8,yes,0,
everlane.com,checked,200,2026-08-25,8,yes,0,
gaomon.net,checked,200,2026-08-25,9,yes,0,
altn.com,checked,200,2026-08-25,9,yes,0,
innovist.com,checked,200,2026-08-25,8,yes,0,
zerolifestyle.co,checked,200,2026-08-25,8,yes,0,
oziva.in,checked,200,2026-08-25,8,yes,0,
hartandcru.com,checked,200,2026-08-25,8,yes,0,
switch-bot.com,checked,200,2026-08-25,9,yes,0,
outfitters.com.pk,checked,200,2026-08-25,9,yes,0,
petlibro.com,checked,200,2026-08-25,8,yes,0,
burton.com,checked,200,2026-08-25,8,yes,0,
offduty.in,checked,200,2026-08-25,8,yes,0,
quellogiusto.it,checked,200,2026-08-25,8,yes,0,
scriptengine.net,checked,200,2026-08-25,9,yes,0,
audionic.co,checked,200,2026-08-25,9,yes,0,
dawooddesigners.com,checked,200,2026-08-25,8,yes,0,
missouriquiltco.com,checked,200,2026-08-25,8,yes,0,
bollandbranch.com,checked,200,2026-08-25,8,yes,0,
sleepdoctor.com,checked,200,2026-08-25,9,yes,0,
shopmicas.com,checked,200,2026-08-25,9,yes,0,
palm.com,checked,200,2026-08-25,9,yes,0,
italist.com,checked,200,2026-08-25,8,yes,0,
bloomchic.com,checked,200,2026-08-25,8,yes,0,
mykitsch.com,checked,200,2026-08-25,8,yes,0,
beyondappliances.in,checked,200,2026-08-25,9,yes,0,
zerakijewels.com,checked,200,2026-08-25,9,yes,0,
weplayagain.com,checked,200,2026-08-25,9,yes,0,
twelveboardstore.com.au,checked,200,2026-08-25,9,yes,0,
flashforge.com,checked,200,2026-08-25,9,yes,0,
fentybeauty.com,checked,200,2026-08-25,9,yes,0,
bape.com,checked,200,2026-08-25,9,yes,0,
verabradley.com,checked,200,2026-08-25,9,yes,0,
pensachi.com,checked,200,2026-08-25,8,yes,0,
holzkern.com,checked,200,2026-08-25,8,yes,0,
ecosense.io,checked,200,2026-08-25,8,yes,0,
alfatah.pk,checked,200,2026-08-25,8,yes,0,
mysupplement.shop,checked,200,2026-08-25,9,yes,0,
pch.com,checked,200,2026-08-25,9,yes,0,
babydreambackdrops.com,checked,200,2026-08-25,8,yes,0,
gemsroot.com,checked,200,2026-08-25,9,yes,0,
thebrick.com,checked,200,2026-08-25,8,yes,0,
wardow.com,checked,200,2026-08-25,8,yes,0,
leatherman.com,checked,200,2026-08-25,9,yes,0,
nooie.com,checked,200,2026-08-25,8,yes,0,
maruzenjunkudo.co.jp,checked,200,2026-08-25,8,yes,0,
sterntaler.com,checked,200,2026-08-25,9,yes,0,
izotope.com,checked,200,2026-08-25,9,yes,0,
murad.com,checked,200,2026-08-25,8,yes,0,
u2.com,checked,200,2026-08-25,8,yes,0,
tnuck.com,checked,200,2026-08-25,8,yes,0,
theanimalrescuesite.com,checked,200,2026-08-25,9,yes,0,
teveo.com,checked,200,2026-08-25,8,yes,0,
santinicycling.com,checked,200,2026-08-25,9,yes,0,
loopearplugs.com,checked,200,2026-08-25,8,yes,0,
glossier.com,checked,200,2026-08-25,9,yes,0,
turtlebeach.com,checked,200,2026-08-25,8,yes,0,
thegoodguys.com.au,checked,200,2026-08-25,8,yes,0,
brewdog.com,checked,200,2026-08-25,8,yes,0,
shelly.com,checked,200,2026-08-25,9,yes,0,
tormino.com,checked,200,2026-08-25,9,yes,0,
goodandbeautiful.com,checked,200,2026-08-25,8,yes,0,
karllagerfeld.com,checked,200,2026-08-25,8,yes,0,
humehealth.com,checked,200,2026-08-25,8,yes,0,
swimoutlet.com,checked,200,2026-08-25,9,yes,0,
ucon-acrobatics.fr,checked,200,2026-08-25,9,yes,0,
awaytravel.com,checked,200,2026-08-25,8,yes,0,
importatoy.co.za,checked,200,2026-08-25,9,yes,0,
ooono.dk,checked,200,2026-08-25,8,yes,0,
kith.com,checked,200,2026-08-25,8,yes,0,
speedo.com,checked,200,2026-08-25,8,yes,0,
pdhsports.com,checked,200,2026-08-25,9,yes,0,
impericon.com,checked,200,2026-08-25,9,yes,0,
tonal.com,checked,200,2026-08-25,9,yes,0,
x-bionic.com,checked,200,2026-08-25,9,yes,0,
altrarunning.com,checked,200,2026-08-25,8,yes,0,
arredocasadasogno.com,checked,200,2026-08-25,9,yes,0,
zoomadog.co.uk,checked,200,2026-08-25,9,yes,0,
thekansascitybbqstore.com,checked,200,2026-08-25,9,yes,0,
flair.co,checked,200,2026-08-25,8,yes,0,
iulover.com,checked,200,2026-08-25,9,yes,0,
portlandleathergoods.com,checked,200,2026-08-25,8,yes,0,
passenger-clothing.com,checked,200,2026-08-25,9,yes,0,
partycity.com,checked,200,2026-08-25,8,yes,0,
pipingrock.com,checked,200,2026-08-25,8,yes,0,
ashford.com,checked,200,2026-08-25,9,yes,0,
youtooz.com,checked,200,2026-08-25,8,yes,0,
casper.com,checked,200,2026-08-25,8,yes,0,
jadedldn.com,checked,200,2026-08-25,8,yes,0,
lifeisgood.com,checked,200,2026-08-25,8,yes,0,
tistaminis.com,checked,200,2026-08-25,8,yes,0,
mous.co,checked,200,2026-08-25,8,yes,0,
jackery.com,checked,200,2026-08-25,8,yes,0,
youngla.com,checked,200,2026-08-25,8,yes,0,
datablitz.com.ph,checked,200,2026-08-25,8,yes,0,
elfcosmetics.com,checked,200,2026-08-25,8,yes,0,
ohpolly.com,checked,200,2026-08-25,8,yes,0,
pammys.com,checked,200,2026-08-25,8,yes,0,
royaltalens.com,checked,200,2026-08-25,8,yes,0,
vistaexpert.it,checked,200,2026-08-25,8,yes,0,
disturbia.co.uk,checked,200,2026-08-25,9,yes,0,
windsorstore.com,checked,200,2026-08-25,9,yes,0,
totaltunisia.com,checked,200,2026-08-25,9,yes,0,
manucurist.com,checked,200,2026-08-25,8,yes,0,
zacaris.com,checked,200,2026-08-25,8,yes,0,
gld.com,checked,200,2026-08-25,8,yes,0,
reelup.io,no-profile,404,,,,,
edikted.com,checked,200,2026-08-25,8,yes,0,
shopakira.com,checked,200,2026-08-25,8,yes,0,
ugreen.com,checked,200,2026-08-25,8,yes,0,
diamondartclub.com,checked,200,2026-08-25,8,yes,0,
dtlr.com,checked,200,2026-08-25,8,yes,0,
dk.com,checked,200,2026-08-25,8,yes,0,
neweracap.eu,checked,200,2026-08-25,9,yes,0,
dickies.com,checked,200,2026-08-25,8,yes,0,
theoutnet.com,checked,200,2026-08-25,8,yes,0,
swansonvitamins.com,checked,200,2026-08-25,9,yes,0,
thehandlooms.com,checked,200,2026-08-25,9,yes,0,
rinascimento.com,checked,200,2026-08-25,9,yes,0,
converse.co.jp,checked,200,2026-08-25,8,yes,0,
thecommense.com,checked,200,2026-08-25,8,yes,0,
magnolia.com,checked,200,2026-08-25,9,yes,0,
luvmehair.com,checked,200,2026-08-25,8,yes,0,
mix.tokyo,checked,200,2026-08-25,8,yes,0,
purelei.com,checked,200,2026-08-25,9,yes,0,
fiskars.com,checked,200,2026-08-25,8,yes,0,
disturbia.us,checked,200,2026-08-25,9,yes,0,
naturallife.com,checked,200,2026-08-25,9,yes,0,
nobodyschild.com,checked,200,2026-08-25,9,yes,0,
alpinestars.com,checked,200,2026-08-25,9,yes,0,
scuffers.com,checked,200,2026-08-25,8,yes,0,
mc2saintbarth.com,checked,200,2026-08-25,8,yes,0,
rainbowshops.com,checked,200,2026-08-25,8,yes,0,
pagefly.io,checked,200,2026-08-25,9,yes,0,
opticalh.com,checked,200,2026-08-25,8,yes,0,
kuiu.com,checked,200,2026-08-25,9,yes,0,
leons.ca,checked,200,2026-08-25,8,yes,0,
keenfootwear.com,checked,200,2026-08-25,8,yes,0,
lakeland.co.uk,checked,200,2026-08-25,9,yes,0,
oceanairuk.com,checked,200,2026-08-25,8,yes,0,
rains.com,checked,200,2026-08-25,9,yes,0,
shokz.com,checked,200,2026-08-25,9,yes,0,
bachaaparty.com,checked,200,2026-08-25,9,yes,0,
sousou.co.jp,checked,200,2026-08-25,9,yes,0,
justmylook.com,checked,200,2026-08-25,8,yes,0,
atoleajewelry.com,checked,200,2026-08-25,9,yes,0,
e-earphone.jp,checked,200,2026-08-25,9,yes,0,
peppermint.in,checked,200,2026-08-25,9,yes,0,
resilia.shop,checked,200,2026-08-25,8,yes,0,
solakon.de,checked,200,2026-08-25,8,yes,0,
labourseauxlivres.fr,checked,200,2026-08-25,9,yes,0,
teeinblue.com,checked,200,2026-08-25,9,yes,0,
edgars.co.za,checked,200,2026-08-25,8,yes,0,
dreametech.com,checked,200,2026-08-25,8,yes,0,
walthers.com,checked,200,2026-08-25,9,yes,0,
aelfriceden.com,checked,200,2026-08-25,9,yes,0,
tedbaker.com,checked,200,2026-08-25,9,yes,0,
reisenthel.com,checked,200,2026-08-25,8,yes,0,
elverys.ie,checked,200,2026-08-25,8,yes,0,
rhodeskin.com,checked,200,2026-08-25,8,yes,0,
reebok.eu,checked,200,2026-08-25,8,yes,0,
owalalife.com,checked,200,2026-08-25,8,yes,0,
orthofeet.com,checked,200,2026-08-25,8,yes,0,
woodbrass.com,checked,200,2026-08-25,8,yes,0,
dooney.com,checked,200,2026-08-25,8,yes,0,
oreo.com,checked,200,2026-08-25,9,yes,0,
popflexactive.com,checked,200,2026-08-25,8,yes,0,
ashleystewart.com,checked,200,2026-08-25,9,yes,0,
microperfumes.com,checked,200,2026-08-25,9,yes,0,
massivemusicstore.com,checked,200,2026-08-25,9,yes,0,
usecorner.io,checked,200,2026-08-25,9,yes,0,
iamfy.co,checked,200,2026-08-25,8,yes,0,
babyboofashion.com,checked,200,2026-08-25,8,yes,0,
reitmans.com,checked,200,2026-08-25,8,yes,0,
giesswein.com,checked,200,2026-08-25,8,yes,0,
gulahmedshop.com,checked,200,2026-08-25,9,yes,0,
aventon.com,checked,200,2026-08-25,9,yes,0,
matchesfashion.com,checked,200,2026-08-25,9,yes,0,
gonoise.com,checked,200,2026-08-25,8,yes,0,
bloomsburymanor.com,checked,200,2026-08-25,9,yes,0,
harpercollins.co.uk,checked,200,2026-08-25,9,yes,0,
facethefuture.store,checked,200,2026-08-25,8,yes,0,
keychron.com,checked,200,2026-08-25,9,yes,0,
hom.ee,checked,200,2026-08-25,8,yes,0,
blackdiamondequipment.com,checked,200,2026-08-25,9,yes,0,
canadagoose.com,checked,200,2026-08-25,8,yes,0,
wraithesports.com,checked,200,2026-08-25,9,yes,0,
texasbelting.com,checked,200,2026-08-25,8,yes,0,
supersports.co.th,checked,200,2026-08-25,9,yes,0,
labyrinthos.co,checked,200,2026-08-25,9,yes,0,
francfranc.com,checked,200,2026-08-25,9,yes,0,
modcloth.com,checked,200,2026-08-25,8,yes,0,
muji.us,checked,200,2026-08-25,9,yes,0,
shopwss.com,checked,200,2026-08-25,9,yes,0,
robotshop.com,checked,200,2026-08-25,9,yes,0,
kyloeinthewild.com,checked,200,2026-08-25,9,yes,0,
rw-co.com,checked,200,2026-08-25,8,yes,0,
sprayground.com,checked,200,2026-08-25,9,yes,0,
krnglasses.com,checked,200,2026-08-25,8,yes,0,
cabaia.com,checked,200,2026-08-25,8,yes,0,
utrsports.net,checked,200,2026-08-25,8,yes,0,
bostonproper.com,checked,200,2026-08-25,9,yes,0,
aurafragrance.com,checked,200,2026-08-25,9,yes,0,
ollies.com,checked,200,2026-08-25,9,yes,0,
scalperscompany.com,checked,200,2026-08-25,8,yes,0,
amazfit.com,checked,200,2026-08-25,9,yes,0,
westwing.de,checked,200,2026-08-25,8,yes,0,
ackermans.co.za,checked,200,2026-08-25,8,yes,0,
terranovastyle.com,checked,200,2026-08-25,9,yes,0,
lucyandyak.com,checked,200,2026-08-25,8,yes,0,
viceroy.es,checked,200,2026-08-25,9,yes,0,
ankerjapan.com,checked,200,2026-08-25,8,yes,0,
langehair.com,checked,200,2026-08-25,8,yes,0,
smartwool.com,checked,200,2026-08-25,8,yes,0,
rarewaves.com,checked,200,2026-08-25,9,yes,0,
jbhifi.co.nz,checked,200,2026-08-25,8,yes,0,
theloadedteashop.com,checked,200,2026-08-25,8,yes,0,
facetofacegames.com,checked,200,2026-08-25,9,yes,0,
keslighting.co.uk,checked,200,2026-08-25,8,yes,0,
32degrees.com,checked,200,2026-08-25,8,yes,0,
penningtons.com,checked,200,2026-08-25,8,yes,0,
rasik.style,checked,200,2026-08-25,8,yes,0,
omaze.co.uk,checked,200,2026-08-25,8,yes,0,
dusk.com,checked,200,2026-08-25,8,yes,0,
tjc.co.uk,checked,200,2026-08-25,9,yes,0,
shoplc.com,checked,200,2026-08-25,9,yes,0,
honeywellhome.com,checked,200,2026-08-25,8,yes,0,
extremerestraints.com,checked,200,2026-08-25,8,yes,0,
tomfordbeauty.com,checked,200,2026-08-25,8,yes,0,
luamaya.com,checked,200,2026-08-25,9,yes,0,
hyperx.com,checked,200,2026-08-25,8,yes,0,
gardeners.com,checked,200,2026-08-25,9,yes,0,
threebirdnest.com,checked,200,2026-08-25,8,yes,0,
edikted.co.uk,checked,200,2026-08-25,8,yes,0,
vograce.com,checked,200,2026-08-25,8,yes,0,
sphero.com,checked,200,2026-08-25,8,yes,0,
allbirds.com,checked,200,2026-08-25,8,yes,0,
teddybaldassarre.com,checked,200,2026-08-25,9,yes,0,
stadiumgoods.com,checked,200,2026-08-25,9,yes,0,
newera.mx,checked,200,2026-08-25,8,yes,0,
holy.com,checked,200,2026-08-25,8,yes,0,
nalli.com,checked,200,2026-08-25,9,yes,0,
oxknit.com,checked,200,2026-08-25,9,yes,0,
atlanticbooks.com,checked,200,2026-08-25,9,yes,0,
gianttiger.com,checked,200,2026-08-25,8,yes,0,
gruntstyle.com,checked,200,2026-08-25,9,yes,0,
monowella.com,checked,200,2026-08-25,8,yes,0,
revibe.me,checked,200,2026-08-25,9,yes,0,
homecenter.co.il,checked,200,2026-08-25,8,yes,0,
misako.com,checked,200,2026-08-25,8,yes,0,
coldcultureworldwide.com,checked,200,2026-08-25,9,yes,0,
traya.health,checked,200,2026-08-25,8,yes,0,
sergent-major.com,checked,200,2026-08-25,9,yes,0,
plug.tech,checked,200,2026-08-25,8,yes,0,
rothys.com,checked,200,2026-08-25,8,yes,0,
nobltravel.com,checked,200,2026-08-25,8,yes,0,
havaianas.com.br,checked,200,2026-08-25,8,yes,0,
detroitaxle.com,checked,200,2026-08-25,9,yes,0,
mobilifiver.com,checked,200,2026-08-25,9,yes,0,
langwill.com,checked,200,2026-08-25,9,yes,0,
bestrealdoll.com,checked,200,2026-08-25,9,yes,0,
alexandani.com,checked,200,2026-08-25,9,yes,0,
nitroapps.co,checked,200,2026-08-25,9,yes,0,
cascadedesigns.com,checked,200,2026-08-25,9,yes,0,
madonna.com,checked,200,2026-08-25,8,yes,0,
gamersupps.gg,checked,200,2026-08-25,9,yes,0,
cocacoca.jp,checked,200,2026-08-25,8,yes,0,
jwpei.com,checked,200,2026-08-25,8,yes,0,
spitfireaudio.com,checked,200,2026-08-25,9,yes,0,
snocks.com,checked,200,2026-08-25,9,yes,0,
uspoloassn.com,checked,200,2026-08-25,9,yes,0,
insiderstore.com.br,checked,200,2026-08-25,8,yes,0,
tumatera.co,checked,200,2026-08-25,9,yes,0,
baublebar.com,checked,200,2026-08-25,8,yes,0,
stussy.com,checked,200,2026-08-25,8,yes,0,
exclusivebooks.co.za,checked,200,2026-08-25,8,yes,0,
ayntec.com,checked,200,2026-08-25,9,yes,0,
chroniclebooks.com,checked,200,2026-08-25,9,yes,0,
littlesleepies.com,checked,200,2026-08-25,8,yes,0,
mellerbrand.com,checked,200,2026-08-25,8,yes,0,
jefferspet.com,checked,200,2026-08-25,9,yes,0,
calliope.style,checked,200,2026-08-25,8,yes,0,
asphaltgold.com,checked,200,2026-08-25,9,yes,0,
billyj.com.au,checked,200,2026-08-25,8,yes,0,
westside.com,checked,200,2026-08-25,8,yes,0,
compex.com,checked,200,2026-08-25,9,yes,0,
silbonshop.com,checked,200,2026-08-25,9,yes,0,
hobbii.de,checked,200,2026-08-25,9,yes,0,
mamaearth.in,checked,200,2026-08-25,8,yes,0,
stokomani.fr,checked,200,2026-08-25,9,yes,0,
yamamay.com,checked,200,2026-08-25,9,yes,0,
lifx.com,checked,200,2026-08-25,9,yes,0,
asimjofa.com,checked,200,2026-08-25,8,yes,0,
carpisa.it,checked,200,2026-08-25,9,yes,0,
supertails.com,checked,200,2026-08-25,9,yes,0,
cliveshoes.com,checked,200,2026-08-25,8,yes,0,
pinkcherry.com,checked,200,2026-08-25,9,yes,0,
madesa.com,checked,200,2026-08-25,8,yes,0,
woodcraft.com,checked,200,2026-08-25,9,yes,0,
printyourwear.com,checked,200,2026-08-25,9,yes,0,
neweracap.jp,checked,200,2026-08-25,8,yes,0,
spanx.com,checked,200,2026-08-25,8,yes,0,
civilim.com,checked,200,2026-08-25,9,yes,0,
daddario.com,checked,200,2026-08-25,8,yes,0,
tomleemusic.com.hk,checked,200,2026-08-25,8,yes,0,
onetreeplanted.org,checked,200,2026-08-25,8,yes,0,
rugsusa.com,checked,200,2026-08-25,8,yes,0,
peachmode.com,checked,200,2026-08-25,8,yes,0,
blackberrys.com,checked,200,2026-08-25,9,yes,0,
levi.in,checked,200,2026-08-25,8,yes,0,
harperwells-boston.com,checked,200,2026-08-25,9,yes,0,
kokeshi.com.br,checked,200,2026-08-25,8,yes,0,
svpsports.ca,checked,200,2026-08-25,8,yes,0,
frostbuddy.com,checked,200,2026-08-25,9,yes,0,
parkeofficial.com,checked,200,2026-08-25,8,yes,0,
zippyonline.com,checked,200,2026-08-25,9,yes,0,
eden-park.com,checked,200,2026-08-25,9,yes,0,
vaku.in,checked,200,2026-08-25,9,yes,0,
itokri.com,checked,200,2026-08-25,9,yes,0,
skullcandy.com,checked,200,2026-08-25,8,yes,0,
urban-planet.com,checked,200,2026-08-25,8,yes,0,
kiwaseisakujo.jp,checked,200,2026-08-25,9,yes,0,
dixxon.com,checked,200,2026-08-25,8,yes,0,
tennisexpress.com,blocked,403,,,,,
verabradleyoutlet.com,checked,200,2026-08-25,8,yes,0,
fox.co.il,checked,200,2026-08-25,9,yes,0,
dotandkey.com,checked,200,2026-08-25,8,yes,0,
chaptersbookstore.com,checked,200,2026-08-25,8,yes,0,
kushals.com,checked,200,2026-08-25,8,yes,0,
casekaro.com,checked,200,2026-08-25,9,yes,0,
jdsports.ca,checked,200,2026-08-25,9,yes,0,
bonobos.com,blocked,403,,,,,
dokidokicos.com,checked,200,2026-08-25,8,yes,0,
poloclub.com,checked,200,2026-08-25,9,yes,0,
macduggal.com,checked,200,2026-08-25,9,yes,0,
honest.com,checked,200,2026-08-25,8,yes,0,
jansport.com,checked,200,2026-08-25,8,yes,0,
baywa.de,checked,200,2026-08-25,9,yes,0,
icrush.de,checked,200,2026-08-25,9,yes,0,
exportleftovers.com,checked,200,2026-08-25,8,yes,0,
kalkifashion.com,checked,200,2026-08-25,9,yes,0,
zeiniez.com,checked,200,2026-08-25,8,yes,0,
diptyqueparis.com,checked,200,2026-08-25,9,yes,0,
derimod.com.tr,checked,200,2026-08-25,8,yes,0,
suzyshier.com,checked,200,2026-08-25,8,yes,0,
diy-artclub.com,checked,200,2026-08-25,9,yes,0,
thehouseofrare.com,checked,200,2026-08-25,9,yes,0,
apicecosmeticos.com.br,checked,200,2026-08-25,9,yes,0,
theessencevault.co.uk,checked,200,2026-08-25,8,yes,0,
revibe.co.za,checked,200,2026-08-25,9,yes,0,
headphonezone.in,checked,200,2026-08-25,8,yes,0,
cloudlift.app,checked,200,2026-08-25,8,yes,0,
iototoi.it,checked,200,2026-08-25,8,yes,0,
therow.com,checked,200,2026-08-25,9,yes,0,
laura.ca,checked,200,2026-08-25,9,yes,0,
cabaia.fr,checked,200,2026-08-25,8,yes,0,
limitedrungames.com,checked,200,2026-08-25,8,yes,0,
thesleepcompany.in,checked,200,2026-08-25,8,yes,0,
usealphaco.com.br,checked,200,2026-08-25,9,yes,0,
steadyrack.com,checked,200,2026-08-25,9,yes,0,
blackgirlvitamins.co,checked,200,2026-08-25,8,yes,0,
mooncat.com,checked,200,2026-08-25,8,yes,0,
ugaoo.com,checked,200,2026-08-25,8,yes,0,
moodfabrics.com,checked,200,2026-08-25,8,yes,0,
evryjewels.com,checked,200,2026-08-25,9,yes,0,
mobexpert.ro,checked,200,2026-08-25,8,yes,0,
soundbrenner.com,checked,200,2026-08-25,9,yes,0,
eveline.pl,checked,200,2026-08-25,9,yes,0,
bonanzasatrangi.com,checked,200,2026-08-25,8,yes,0,
distacart.com,checked,200,2026-08-25,8,yes,0,
mistore.pk,checked,200,2026-08-25,9,yes,0,
dragonslair.se,checked,200,2026-08-25,8,yes,0,
justintime.in,checked,200,2026-08-25,9,yes,0,
lionbrand.com,checked,200,2026-08-25,9,yes,0,
decofurnsa.co.za,checked,200,2026-08-25,9,yes,0,
wonderchef.com,checked,200,2026-08-25,9,yes,0,
fashionspark.com,checked,200,2026-08-25,9,yes,0,
letterfest.com,checked,200,2026-08-25,9,yes,0,
beminimalist.co,checked,200,2026-08-25,9,yes,0,
pothys.com,checked,200,2026-08-25,8,yes,0,
kuradashi.jp,checked,200,2026-08-25,8,yes,0,
isseymiyake.com,checked,200,2026-08-25,9,yes,0,
kurlon.com,checked,200,2026-08-25,8,yes,0,
secretlab.co,checked,200,2026-08-25,8,yes,0,
messinahembry.com,checked,200,2026-08-25,8,yes,0,
nutritiongeeks.co,checked,200,2026-08-25,8,yes,0,
singularu.com,checked,200,2026-08-25,9,yes,0,
chasevalue.pk,checked,200,2026-08-25,8,yes,0,
farmacorp.com,checked,200,2026-08-25,8,yes,0,
salomon.jp,checked,200,2026-08-25,8,yes,0,
pinkboutique.co.uk,checked,200,2026-08-25,8,yes,0,
oneill.com,checked,200,2026-08-25,8,yes,0,
burpee.com,checked,200,2026-08-25,9,yes,0,
horizons-lointains.fr,checked,200,2026-08-25,8,yes,0,
patpat.com,checked,200,2026-08-25,9,yes,0,
wbshop.com,checked,200,2026-08-25,8,yes,0,
cheapsnowgear.com,checked,200,2026-08-25,9,yes,0,
mcaffeine.com,checked,200,2026-08-25,8,yes,0,
pifyapp.com,checked,200,2026-08-25,8,yes,0,
jokerandwitch.com,checked,200,2026-08-25,8,yes,0,
quartzcomponents.com,checked,200,2026-08-25,9,yes,0,
majisports.com,checked,200,2026-08-25,8,yes,0,
terra-master.com,checked,200,2026-08-25,9,yes,0,
ramrajcotton.in,checked,200,2026-08-25,8,yes,0,
jackjones.in,checked,200,2026-08-25,9,yes,0,
myraymond.com,checked,200,2026-08-25,9,yes,0,
guardian.in,checked,200,2026-08-25,8,yes,0,
lectricebikes.com,checked,200,2026-08-25,8,yes,0,
jack-wolfskin.com,checked,200,2026-08-25,8,yes,0,
darty.pt,checked,200,2026-08-25,9,yes,0,
stanley1913.com.br,checked,200,2026-08-25,9,yes,0,
jewelsmars.com,checked,200,2026-08-25,9,yes,0,
zouk.co.in,checked,200,2026-08-25,8,yes,0,
hudabeauty.com,checked,200,2026-08-25,8,yes,0,
rituaria.com.br,checked,200,2026-08-25,8,yes,0,
ysabelmora.com,checked,200,2026-08-25,8,yes,0,
lakmeindia.com,checked,200,2026-08-25,9,yes,0,
thedermaco.com,checked,200,2026-08-25,8,yes,0,
stand-prive.com,checked,200,2026-08-25,8,yes,0,
firewalla.com,checked,200,2026-08-25,9,yes,0,
pepco.pl,checked,200,2026-08-25,9,yes,0,
naoko-store.pl,checked,200,2026-08-25,8,yes,0,
rsvlts.com,checked,200,2026-08-25,8,yes,0,
tagalys.com,checked,200,2026-08-25,8,yes,0,
pngjewellers.com,checked,200,2026-08-25,8,yes,0,
bellavitaorganic.com,checked,200,2026-08-25,8,yes,0,
knyamed.com,checked,200,2026-08-25,8,yes,0,
xyxxcrew.com,checked,200,2026-08-25,9,yes,0,
campusshoes.com,checked,200,2026-08-25,9,yes,0,
armedangels.com,checked,200,2026-08-25,9,yes,0,
duroflexworld.com,checked,200,2026-08-25,9,yes,0,
webcontrive.com,checked,200,2026-08-25,9,yes,0,
zelesta.de,checked,200,2026-08-25,8,yes,0,
lefragrance.ro,checked,200,2026-08-25,8,yes,0,
bombayshavingcompany.com,checked,200,2026-08-25,8,yes,0,
mariab.pk,checked,200,2026-08-25,9,yes,0,
carbonestore.com,checked,200,2026-08-25,8,yes,0,
outletdelcalcio.eu,checked,200,2026-08-25,8,yes,0,
mintvelvet.com,checked,200,2026-08-25,8,yes,0,
myborosil.com,checked,200,2026-08-25,8,yes,0,
bonkerscorner.com,checked,200,2026-08-25,9,yes,0,
berzerk.com.br,checked,200,2026-08-25,8,yes,0,
smokekind.com,checked,200,2026-08-25,8,yes,0,
birkenstock.in,checked,200,2026-08-25,8,yes,0,
jamar.com,checked,200,2026-08-25,8,yes,0,
suta.in,checked,200,2026-08-25,9,yes,0,
merkal.com,checked,200,2026-08-25,9,yes,0,
shopcircle.co,checked,200,2026-08-25,9,yes,0,
durexindia.com,checked,200,2026-08-25,9,yes,0,
lamaretail.com,checked,200,2026-08-25,9,yes,0,
eauto.co.in,checked,200,2026-08-25,9,yes,0,
cardoso-furniture.com,checked,200,2026-08-25,9,yes,0,
mariquitatrasquila.com,checked,200,2026-08-25,9,yes,0,
tekkietown.co.za,checked,200,2026-08-25,8,yes,0,
engine.com.pk,checked,200,2026-08-25,8,yes,0,
justherbs.in,checked,200,2026-08-25,9,yes,0,
sanrio.com,checked,200,2026-08-25,8,yes,0,
bubbabags.cl,checked,200,2026-08-25,8,yes,0,
legit.co.za,checked,200,2026-08-25,9,yes,0,
themancompany.com,checked,200,2026-08-25,9,yes,0,
lelosi.cz,checked,200,2026-08-25,8,yes,0,
saeedghani.pk,checked,200,2026-08-25,9,yes,0,
trueclassictees.com,checked,200,2026-08-25,8,yes,0,
beardo.in,checked,200,2026-08-25,9,yes,0,
nilkamalfurniture.com,checked,200,2026-08-25,9,yes,0,
neemans.com,checked,200,2026-08-25,9,yes,0,
mdaemon.com,checked,200,2026-08-25,9,yes,0,
rarevinyl.com,checked,200,2026-08-25,8,yes,0,
milton.in,checked,200,2026-08-25,9,yes,0,
teamsg.in,checked,200,2026-08-25,8,yes,0,
beautymarket.ma,checked,200,2026-08-25,9,yes,0,
highfy.pk,checked,200,2026-08-25,9,yes,0,
limonada.cl,checked,200,2026-08-25,9,yes,0,
nutrifactor.com.pk,checked,200,2026-08-25,9,yes,0,
shopecs.com,checked,200,2026-08-25,9,yes,0,
yellowsubtrading.co.za,checked,200,2026-08-25,9,yes,0,
gamerrobot.com,checked,200,2026-08-25,9,yes,0,
makerbazar.in,checked,200,2026-08-25,9,yes,0,
arihantbooks.com,checked,200,2026-08-25,9,yes,0,
oswaalbooks.com,checked,200,2026-08-25,9,yes,0,
butcherbox.com,checked,200,2026-08-25,8,yes,0,
crossstitch.pk,checked,200,2026-08-25,9,yes,0,
claires.com,checked,200,2026-08-25,8,yes,0,
rani.com.tr,checked,200,2026-08-25,8,yes,0,
fc.de,checked,200,2026-08-25,8,yes,0,
uspoloassn.in,checked,200,2026-08-25,9,yes,0,
pcchandraindia.com,checked,200,2026-08-25,9,yes,0,
nordheim-mode.de,checked,200,2026-08-25,9,yes,0,
clifbar.com,checked,200,2026-08-25,9,yes,0,
onlinebandhej.com,checked,200,2026-08-25,8,yes,0,
rselectricalsupplies.co.uk,checked,200,2026-08-25,9,yes,0,
sexdollpartner.com,checked,200,2026-08-25,9,yes,0,
ndure.com,checked,200,2026-08-25,8,yes,0,
liquid-iv.com,checked,200,2026-08-25,9,yes,0,
mellojoyjapan.com,checked,200,2026-08-25,9,yes,0,
bata.com.pk,checked,200,2026-08-25,8,yes,0,
breakout.com.pk,checked,200,2026-08-25,9,yes,0,
tjwholesale.pk,checked,200,2026-08-25,9,yes,0,
thedeconstruct.in,checked,200,2026-08-25,8,yes,0,
brooklinen.com,checked,200,2026-08-25,9,yes,0,
divinafitness.com.br,checked,200,2026-08-25,9,yes,0,
platanomelon.com,checked,200,2026-08-25,9,yes,0,
harrisonandjames.com,checked,200,2026-08-25,9,yes,0,
kiabi.dz,checked,200,2026-08-25,8,yes,0,
tiendacopec.cl,checked,200,2026-08-25,8,yes,0,
thewellstore.com.au,checked,200,2026-08-25,8,yes,0,
nebra.com,unreachable,402,,,,,
unze.com.pk,checked,200,2026-08-25,8,yes,0,
alkaramstudio.com,checked,200,2026-08-25,8,yes,0,
cklass.com,checked,200,2026-08-25,8,yes,0,
insignia.com.pk,checked,200,2026-08-25,9,yes,0,
shopcaterpillar.cl,checked,200,2026-08-25,8,yes,0,
baroque.pk,checked,200,2026-08-25,9,yes,0,
servis.pk,checked,200,2026-08-25,9,yes,0,
freshscarfs.com,checked,200,2026-08-25,9,yes,0,
mokobara.com,checked,200,2026-08-25,9,yes,0,
optimumnutrition.co.in,checked,200,2026-08-25,9,yes,0,
sanasafinaz.com,checked,200,2026-08-25,9,yes,0,
tupperware.com,checked,200,2026-08-25,8,yes,0,
borjan.com.pk,checked,200,2026-08-25,8,yes,0,
balticborn.com,blocked,403,,,,,
davines.com,checked,200,2026-08-25,9,yes,0,
vastranand.in,checked,200,2026-08-25,8,yes,0,
diners.com.pk,checked,200,2026-08-25,8,yes,0,
generation.com.pk,checked,200,2026-08-25,8,yes,0,
baccabucci.com,checked,200,2026-08-25,8,yes,0,
mtjonline.com,checked,200,2026-08-25,9,yes,0,
minnieminors.com,checked,200,2026-08-25,9,yes,0,
nobero.com,checked,200,2026-08-25,9,yes,0,
onebioshop.com,checked,200,2026-08-25,8,yes,0,
aqualogica.in,checked,200,2026-08-25,8,yes,0,
lacoste.co.za,checked,200,2026-08-25,9,yes,0,
tupperware.com.br,checked,200,2026-08-25,9,yes,0,
hobbii.com,checked,200,2026-08-25,8,yes,0,
aachho.com,checked,200,2026-08-25,9,yes,0,
cforcover.com,checked,200,2026-08-25,8,yes,0,
maplestore.in,checked,200,2026-08-25,8,yes,0,
styleunion.in,checked,200,2026-08-25,9,yes,0,
youknowwhos.co.uk,checked,200,2026-08-25,8,yes,0,
fuaark.com,checked,200,2026-08-25,9,yes,0,
unboxify.in,checked,200,2026-08-25,8,yes,0,
galxboy.co.za,checked,200,2026-08-25,9,yes,0,
stickitup.xyz,checked,200,2026-08-25,8,yes,0,
glisten.org,no-profile,404,,,,,
crocs.com.mx,checked,200,2026-08-25,9,yes,0,
roxynailsparis.com,checked,200,2026-08-25,9,yes,0,
silkperfumes.cl,checked,200,2026-08-25,9,yes,0,
technosport.in,checked,200,2026-08-25,8,yes,0,
korendy.com.tr,checked,200,2026-08-25,9,yes,0,
astrotalk.store,checked,200,2026-08-25,8,yes,0,
dreamdrive.co.za,checked,200,2026-08-25,8,yes,0,
conceptkart.com,checked,200,2026-08-25,8,yes,0,
gracestore.pk,checked,200,2026-08-25,8,yes,0,
jenpharm.com,checked,200,2026-08-25,8,yes,0,
leonisa.co,checked,200,2026-08-25,8,yes,0,
nunalie.it,checked,200,2026-08-25,9,yes,0,
organicbazar.net,checked,200,2026-08-25,9,yes,0,
pezwaan.com,checked,200,2026-08-25,9,yes,0,
powerlook.in,checked,200,2026-08-25,8,yes,0,
refinerystore.co.za,checked,200,2026-08-25,8,yes,0,
sefam.com,checked,200,2026-08-25,9,yes,0,
zelesta.nl,checked,200,2026-08-25,9,yes,0,
everythingfor420.com,checked,200,2026-08-25,9,yes,0,
pepco.ro,checked,200,2026-08-25,9,yes,0,
wunschgutschein.de,checked,200,2026-08-25,8,yes,0,
goboult.co.in,checked,200,2026-08-25,9,yes,0,
nyahallo.com,checked,200,2026-08-25,9,yes,0,
thermoworks.com,checked,200,2026-08-25,9,yes,0,
theindusvalley.in,checked,200,2026-08-25,9,yes,0,
mydesignation.com,checked,200,2026-08-25,9,yes,0,
reneecosmetics.in,checked,200,2026-08-25,8,yes,0,
tigc.in,checked,200,2026-08-25,8,yes,0,
bmsg.shop,checked,200,2026-08-25,8,yes,0,
yogabars.in,checked,200,2026-08-25,9,yes,0,
bigmusclesnutrition.com,checked,200,2026-08-25,8,yes,0,
reisemoto.com,checked,200,2026-08-25,8,yes,0,
easyphones.co.in,checked,200,2026-08-25,9,yes,0,
maryumnmaria.com,checked,200,2026-08-25,9,yes,0,
rezoni.com,checked,200,2026-08-25,8,yes,0,
thehatke.com,checked,200,2026-08-25,9,yes,0,
swashaa.com,checked,200,2026-08-25,9,yes,0,
luluandgeorgia.com,checked,200,2026-08-25,8,yes,0,
lippioutdoor.com,checked,200,2026-08-25,9,yes,0,
thursdayboots.com,checked,200,2026-08-25,8,yes,0,
marscosmetics.in,checked,200,2026-08-25,9,yes,0,
reebok.com.ar,checked,200,2026-08-25,8,yes,0,
vastrado.com,checked,200,2026-08-25,8,yes,0,
sharkninja.jp,checked,200,2026-08-25,8,yes,0,
roupaintimamasculina.com,checked,200,2026-08-25,8,yes,0,
shaposh.com,checked,200,2026-08-25,8,yes,0,
tie-house.com,checked,200,2026-08-25,8,yes,0,
thepihut.com,checked,200,2026-08-25,9,yes,0,
burga.com,checked,200,2026-08-25,9,yes,0,
homeessentials.in,checked,200,2026-08-25,9,yes,0,
krishnaayurved.com,checked,200,2026-08-25,9,yes,0,
letshyphen.com,checked,200,2026-08-25,9,yes,0,
area51store.co.nz,checked,200,2026-08-25,9,yes,0,
bananaclub.co.in,checked,200,2026-08-25,9,yes,0,
thrivecausemetics.com,checked,200,2026-08-25,8,yes,0,
honeylove.com,checked,200,2026-08-25,8,yes,0,
hexclad.com,checked,200,2026-08-25,8,yes,0,
maplin.co.uk,checked,200,2026-08-25,9,yes,0,
wearcomet.com,checked,200,2026-08-25,9,yes,0,
cotopaxi.com,checked,200,2026-08-25,8,yes,0,
naturaltein.in,checked,200,2026-08-25,9,yes,0,
paramountshop.com,checked,200,2026-08-25,9,yes,0,
theater.xyz,checked,200,2026-08-25,8,yes,0,
blissclub.com,checked,200,2026-08-25,9,yes,0,
warriorworld.in,checked,200,2026-08-25,8,yes,0,
pacomartinez.com,checked,200,2026-08-25,8,yes,0,
lloydspharmacy.com,checked,200,2026-08-25,9,yes,0,
bodylab24.de,checked,200,2026-08-25,9,yes,0,
peppermayo.com,checked,200,2026-08-25,9,yes,0,
flomattress.com,checked,200,2026-08-25,9,yes,0,
posterized.in,checked,200,2026-08-25,8,yes,0,
refitglobal.com,checked,200,2026-08-25,9,yes,0,
swissbeauty.in,checked,200,2026-08-25,9,yes,0,
walkaroo.in,checked,200,2026-08-25,8,yes,0,
dermatouch.com,checked,200,2026-08-25,9,yes,0,
letanneur.com,checked,200,2026-08-25,9,yes,0,
sharperimage.com,checked,200,2026-08-25,9,yes,0,
mywishcare.com,checked,200,2026-08-25,9,yes,0,
avimeeherbal.com,checked,200,2026-08-25,9,yes,0,
reginaldmen.com,checked,200,2026-08-25,8,yes,0,
buyniconi.com,checked,200,2026-08-25,9,yes,0,
vibecrafts.com,checked,200,2026-08-25,9,yes,0,
adilqadri.com,checked,200,2026-08-25,9,yes,0,
argoswatch.in,checked,200,2026-08-25,9,yes,0,
aryacollections.com,checked,200,2026-08-25,9,yes,0,
astorebags.pk,checked,200,2026-08-25,8,yes,0,
aukerajewellery.com,checked,200,2026-08-25,8,yes,0,
blabliblulife.com,checked,200,2026-08-25,8,yes,0,
chikazawa-lace.co.jp,checked,200,2026-08-25,9,yes,0,
click2kart.co.in,checked,200,2026-08-25,9,yes,0,
coitonic.com,checked,200,2026-08-25,8,yes,0,
dailywholesale.pk,checked,200,2026-08-25,8,yes,0,
delhiwatchcompany.com,checked,200,2026-08-25,9,yes,0,
faridagupta.com,checked,200,2026-08-25,8,yes,0,
fulltimestore.in,checked,200,2026-08-25,9,yes,0,
gfhcollections.com,checked,200,2026-08-25,8,yes,0,
harishprojects.com,checked,200,2026-08-25,9,yes,0,
ihadesigns.in,checked,200,2026-08-25,9,yes,0,
instore.co.in,checked,200,2026-08-25,8,yes,0,
iznikfashions.com,checked,200,2026-08-25,8,yes,0,
jaipurkurta.com,unreachable,409,,,,,
japam.in,checked,200,2026-08-25,9,yes,0,
khedutmahiti.com,checked,200,2026-08-25,8,yes,0,
kimti.in,checked,200,2026-08-25,8,yes,0,
lakshmiboutique.co.in,checked,200,2026-08-25,9,yes,0,
logoofficial.com,checked,200,2026-08-25,8,yes,0,
miraggiolife.com,checked,200,2026-08-25,9,yes,0,
msretro.com,checked,200,2026-08-25,9,yes,0,
newsarca.in,checked,200,2026-08-25,9,yes,0,
nuwaara.com,checked,200,2026-08-25,9,yes,0,
oyela.in,checked,200,2026-08-25,9,yes,0,
pepco.es,checked,200,2026-08-25,9,yes,0,
pepco.rs,checked,200,2026-08-25,9,yes,0,
perfectcollections.shop,checked,200,2026-08-25,8,yes,0,
pitshirts.in,checked,200,2026-08-25,8,yes,0,
pixelgames.io,checked,200,2026-08-25,9,yes,0,
prabhatex.com,checked,200,2026-08-25,9,yes,0,
pruthvirajsarees.com,checked,200,2026-08-25,9,yes,0,
quicketail.com,checked,200,2026-08-25,8,yes,0,
raisacreationz.com,checked,200,2026-08-25,8,yes,0,
rimzimshop.com,checked,200,2026-08-25,9,yes,0,
rishiboutique.in,checked,200,2026-08-25,9,yes,0,
ronin.pk,checked,200,2026-08-25,9,yes,0,
saadaa.in,checked,200,2026-08-25,9,yes,0,
sbcollection.co.in,checked,200,2026-08-25,9,yes,0,
sheshaayurveda.com,checked,200,2026-08-25,9,yes,0,
sreeleathers.com,checked,200,2026-08-25,8,yes,0,
ssptex.com,checked,200,2026-08-25,9,yes,0,
starkidsstore.co,checked,200,2026-08-25,8,yes,0,
tecpods.com,checked,200,2026-08-25,9,yes,0,
tecsox.com,checked,200,2026-08-25,8,yes,0,
thecasecompany.in,checked,200,2026-08-25,8,yes,0,
thejaipurkurta.com,unreachable,409,,,,,
underneat.in,checked,200,2026-08-25,8,yes,0,
veirdo.in,checked,200,2026-08-25,9,yes,0,
vootbuy.in,checked,200,2026-08-25,9,yes,0,
wtflex.in,checked,200,2026-08-25,8,yes,0,
zudio.com,checked,200,2026-08-25,8,yes,0,
kathmandu.com.au,checked,200,2026-08-25,9,yes,0,
cereslife.com,checked,200,2026-08-25,8,yes,0,
dollskill.com,checked,200,2026-08-25,8,yes,0,
oukitel.com,checked,200,2026-08-25,8,yes,0,
partsphoenix.com,checked,200,2026-08-25,9,yes,0,
nuclearblast.com,checked,200,2026-08-25,9,yes,0,
princesspolly.com.au,checked,200,2026-08-25,9,yes,0,
pimkie.fr,checked,200,2026-08-25,8,yes,0,
napapijri.com,checked,200,2026-08-25,8,yes,0,
figaret.com,checked,200,2026-08-25,8,yes,0,
monstercardcorner.co.uk,checked,200,2026-08-25,8,yes,0,
peets.com,checked,200,2026-08-25,9,yes,0,
killstar.com,checked,200,2026-08-25,8,yes,0,
miraicards.com,checked,200,2026-08-25,9,yes,0,
buddhastoneshop.com,checked,200,2026-08-25,8,yes,0,
motorolanetwork.com,unreachable,402,,,,,
thirdlove.com,checked,200,2026-08-25,8,yes,0,
betseyjohnson.com,checked,200,2026-08-25,8,yes,0,
whitefoxboutique.com,checked,200,2026-08-25,8,yes,0,
motelrocks.com,checked,200,2026-08-25,8,yes,0,
getjoy.ai,no-profile,404,,,,,
wybotpool.com,checked,200,2026-08-25,9,yes,0,
smithoptics.com,checked,200,2026-08-25,8,yes,0,
beistravel.com,checked,200,2026-08-25,8,yes,0,
universalstandard.com,checked,200,2026-08-25,8,yes,0,
clothesmentor.com,checked,200,2026-08-25,8,yes,0,
anbernic.com,checked,200,2026-08-25,9,yes,0,
madeofsundays.com,checked,200,2026-08-25,9,yes,0,
vandale.nl,checked,200,2026-08-25,8,yes,0,
meaco.com,checked,200,2026-08-25,9,yes,0,
bl101.com,checked,200,2026-08-25,8,yes,0,
vibetoolsng.com,checked,200,2026-08-25,8,yes,0,
macorner.co,checked,200,2026-08-25,9,yes,0,
cyclingboutique.in,checked,200,2026-08-25,9,yes,0,
barenecessities.com,checked,200,2026-08-25,9,yes,0,
spigen.com,checked,200,2026-08-25,9,yes,0,
360oder.com,checked,200,2026-08-25,8,yes,0,
venus.com,checked,200,2026-08-25,9,yes,0,
ladygaga.com,checked,200,2026-08-25,8,yes,0,
car-manual.com,checked,200,2026-08-25,8,yes,0,
dragonshield.com,checked,200,2026-08-25,8,yes,0,
bulletjournal.com,checked,200,2026-08-25,8,yes,0,
jackery.jp,checked,200,2026-08-25,8,yes,0,
sodastream.com,checked,200,2026-08-25,8,yes,0,
dkny.com,checked,200,2026-08-25,9,yes,0,
topdon.com,checked,200,2026-08-25,9,yes,0,
bugmd.com,checked,200,2026-08-25,9,yes,0,
drhyman.com,checked,200,2026-08-25,9,yes,0,
shoebacca.com,checked,200,2026-08-25,9,yes,0,
gruv.com,checked,200,2026-08-25,8,yes,0,
creamyfabrics.com,checked,200,2026-08-25,8,yes,0,
wanderprints.com,checked,200,2026-08-25,8,yes,0,
cadenlane.com,checked,200,2026-08-25,9,yes,0,
paulaschoice.com.au,checked,200,2026-08-25,8,yes,0,
kuadros.com,checked,200,2026-08-25,8,yes,0,
fast-growing-trees.com,checked,200,2026-08-25,8,yes,0,
flaminfitness.com,checked,200,2026-08-25,8,yes,0,
cyrillus.fr,checked,200,2026-08-25,9,yes,0,
outdoorresearch.com,checked,200,2026-08-25,9,yes,0,
pioneerelectronics.com,checked,200,2026-08-25,8,yes,0,
time4learning.com,checked,200,2026-08-25,9,yes,0,
fellowproducts.com,checked,200,2026-08-25,8,yes,0,
smartx.bg,checked,200,2026-08-25,8,yes,0,
americandreamnutbutter.com,checked,200,2026-08-25,8,yes,0,
df-sportspecialist.it,checked,200,2026-08-25,9,yes,0,
divainparfums.com,checked,200,2026-08-25,9,yes,0,
gong-galaxy.com,checked,200,2026-08-25,9,yes,0,
wildling.shoes,checked,200,2026-08-25,8,yes,0,
saltandstone.com,checked,200,2026-08-25,8,yes,0,
dr.ca,checked,200,2026-08-25,8,yes,0,
little-dutch.com,checked,200,2026-08-25,9,yes,0,
bulletproof.com,checked,200,2026-08-25,8,yes,0,
costasuperstore.com,checked,200,2026-08-25,9,yes,0,
skechers.no,checked,200,2026-08-25,9,yes,0,
arcadiapublishing.com,checked,200,2026-08-25,9,yes,0,
papersource.com,checked,200,2026-08-25,8,yes,0,
revlon.com,checked,200,2026-08-25,8,yes,0,
beatbot.com,checked,200,2026-08-25,8,yes,0,
citywinery.com,checked,200,2026-08-25,8,yes,0,
dreambaby.be,checked,200,2026-08-25,9,yes,0,
meshki.us,checked,200,2026-08-25,9,yes,0,
mwave.com.au,checked,200,2026-08-25,9,yes,0,
interscope.com,checked,200,2026-08-25,8,yes,0,
belroshop.com,checked,200,2026-08-25,8,yes,0,
hearthdisplay.com,checked,200,2026-08-25,9,yes,0,
ninewest.com,checked,200,2026-08-25,8,yes,0,
gestalten.com,checked,200,2026-08-25,8,yes,0,
nutridome.pl,checked,200,2026-08-25,9,yes,0,
ooni.com,checked,200,2026-08-25,8,yes,0,
totalcards.net,checked,200,2026-08-25,9,yes,0,
cratejoy.com,checked,200,2026-08-25,8,yes,0,
blacks.co.uk,checked,200,2026-08-25,8,yes,0,
gioseppo.com,checked,200,2026-08-25,9,yes,0,
6pmseason.com,checked,200,2026-08-25,8,yes,0,
libelula-vesela.ro,checked,200,2026-08-25,9,yes,0,
constantlyvariedgear.com,checked,200,2026-08-25,8,yes,0,
zukunftsinstitut.de,checked,200,2026-08-25,8,yes,0,
doshaburi.com,checked,200,2026-08-25,8,yes,0,
dutchgrown.com,checked,200,2026-08-25,9,yes,0,
allbeauty.com,checked,200,2026-08-25,8,yes,0,
unico-fan.co.jp,checked,200,2026-08-25,8,yes,0,
godiva.com,checked,200,2026-08-25,9,yes,0,
parabita.com,checked,200,2026-08-25,9,yes,0,
alfred.com,checked,200,2026-08-25,8,yes,0,
ross-simons.com,checked,200,2026-08-25,9,yes,0,
shoepalace.com,checked,200,2026-08-25,9,yes,0,
dolcevita.com,checked,200,2026-08-25,8,yes,0,
uooyaa.com,checked,200,2026-08-25,8,yes,0,
sanscomplexe.com,checked,200,2026-08-25,9,yes,0,
erbolario.com,checked,200,2026-08-25,8,yes,0,
cakebox.com,checked,200,2026-08-25,9,yes,0,
mountainside-medical.com,checked,200,2026-08-25,8,yes,0,
keenfootwear.jp,checked,200,2026-08-25,9,yes,0,
paireyewear.com,checked,200,2026-08-25,9,yes,0,
tecovas.com,checked,200,2026-08-25,9,yes,0,
veimia.com,checked,200,2026-08-25,8,yes,0,
ebemate.com,unreachable,402,,,,,
moroccanoil.com,checked,200,2026-08-25,9,yes,0,
exc.ua,checked,200,2026-08-25,8,yes,0,
charmette.shop,checked,200,2026-08-25,9,yes,0,
mamasandpapas.com,checked,200,2026-08-25,9,yes,0,
warehouse-lighting.com,checked,200,2026-08-25,9,yes,0,
ssshair.com.au,checked,200,2026-08-25,8,yes,0,
renogy.com,checked,200,2026-08-25,8,yes,0,
bruntworkwear.com,checked,200,2026-08-25,8,yes,0,
lskd.co,checked,200,2026-08-25,8,yes,0,
justingredients.com,checked,200,2026-08-25,8,yes,0,
esrtech.com,checked,200,2026-08-25,8,yes,0,
leuchtmittelmarkt.com,checked,200,2026-08-25,8,yes,0,
polinetmoi.com,checked,200,2026-08-25,9,yes,0,
cornbreadhemp.com,checked,200,2026-08-25,9,yes,0,
thespicehouse.com,checked,200,2026-08-25,9,yes,0,
watts-online.jp,checked,200,2026-08-25,8,yes,0,
thebarboursbeauty.com.br,checked,200,2026-08-25,9,yes,0,
fkofficial.it,checked,200,2026-08-25,9,yes,0,
solarisjapan.com,checked,200,2026-08-25,9,yes,0,
bouclair.com,checked,200,2026-08-25,9,yes,0,
olay.com,checked,200,2026-08-25,9,yes,0,
raven.com,checked,200,2026-08-25,8,yes,0,
blakelyclothing.com,checked,200,2026-08-25,8,yes,0,
showpo.com,checked,200,2026-08-25,9,yes,0,
cbfurn.com,checked,200,2026-08-25,8,yes,0,
karakubuy.com,checked,200,2026-08-25,8,yes,0,
niviasports.com,checked,200,2026-08-25,8,yes,0,
zagbijoux.fr,checked,200,2026-08-25,9,yes,0,
ragno.com,checked,200,2026-08-25,8,yes,0,
picture-organic-clothing.com,checked,200,2026-08-25,9,yes,0,
ohnaif.com,checked,200,2026-08-25,8,yes,0,
mobilcovers.dk,checked,200,2026-08-25,8,yes,0,
gaiam.com,checked,200,2026-08-25,9,yes,0,
inventables.com,checked,200,2026-08-25,9,yes,0,
millets.co.uk,checked,200,2026-08-25,8,yes,0,
edenbrothers.com,checked,200,2026-08-25,8,yes,0,
habitt.com,checked,200,2026-08-25,9,yes,0,
xeroshoes.com,checked,200,2026-08-25,9,yes,0,
loveinfaith.life,checked,200,2026-08-25,8,yes,0,
nurserylive.com,checked,200,2026-08-25,9,yes,0,
vicicollection.com,checked,200,2026-08-25,8,yes,0,
fearofgod.com,checked,200,2026-08-25,9,yes,0,
skisises.com,checked,200,2026-08-25,9,yes,0,
elbenwald.de,checked,200,2026-08-25,9,yes,0,
apaixonedecore.com.br,checked,200,2026-08-25,9,yes,0,
tandyleather.com,checked,200,2026-08-25,9,yes,0,
kizik.com,checked,200,2026-08-25,8,yes,0,
nilkamalhomes.com,checked,200,2026-08-25,9,yes,0,
veromoda.in,checked,200,2026-08-25,8,yes,0,
benchmade.com,checked,200,2026-08-25,9,yes,0,
sperry.com,checked,200,2026-08-25,8,yes,0,
billabong.com,checked,200,2026-08-25,8,yes,0,
celestron.com,checked,200,2026-08-25,9,yes,0,
magbak.com,checked,200,2026-08-25,9,yes,0,
theflightwall.com,checked,200,2026-08-25,9,yes,0,
switch-science.com,checked,200,2026-08-25,9,yes,0,
catholiccompany.com,checked,200,2026-08-25,8,yes,0,
dcshoes.com,checked,200,2026-08-25,8,yes,0,
thisisknit.ie,checked,200,2026-08-25,8,yes,0,
alexmill.com,checked,200,2026-08-25,9,yes,0,
kinokuniya.com.sg,checked,200,2026-08-25,8,yes,0,
alppouch.com,checked,200,2026-08-25,8,yes,0,
cbdfx.com,checked,200,2026-08-25,8,yes,0,
talk-point.de,checked,200,2026-08-25,8,yes,0,
hak5.org,checked,200,2026-08-25,9,yes,0,
modamarepositano.com,checked,200,2026-08-25,8,yes,0,
mozaracing.com,checked,200,2026-08-25,9,yes,0,
pier1.com,checked,200,2026-08-25,9,yes,0,
coconutcases.com,checked,200,2026-08-25,8,yes,0,
balmain.com,checked,200,2026-08-25,8,yes,0,
ecoatm.com,checked,200,2026-08-25,8,yes,0,
themescaliber.com,checked,200,2026-08-25,8,yes,0,
hyperice.com,checked,200,2026-08-25,9,yes,0,
tonyschocolonely.com,checked,200,2026-08-25,9,yes,0,
aurahome.com.au,checked,200,2026-08-25,8,yes,0,
merrell.cl,checked,200,2026-08-25,9,yes,0,
columbiachile.cl,checked,200,2026-08-25,9,yes,0,
harlequin.com,checked,200,2026-08-25,9,yes,0,
evereve.com,checked,200,2026-08-25,8,yes,0,
niraskin.com,checked,200,2026-08-25,9,yes,0,
tryledisa.com,checked,200,2026-08-25,8,yes,0,
polene-paris.com,checked,200,2026-08-25,8,yes,0,
gottex.co.il,checked,200,2026-08-25,9,yes,0,
igloocoolers.com,checked,200,2026-08-25,8,yes,0,
transparentlabs.com,checked,200,2026-08-25,8,yes,0,
jypj-store.com,checked,200,2026-08-25,9,yes,0,
neocell.com,checked,200,2026-08-25,9,yes,0,
scentsplit.com,checked,200,2026-08-25,8,yes,0,
embarkvet.com,checked,200,2026-08-25,9,yes,0,
skillsconverged.com,checked,200,2026-08-25,8,yes,0,
therabody.com,checked,200,2026-08-25,8,yes,0,
bfdfurniture.com,checked,200,2026-08-25,9,yes,0,
bashfashion.store,checked,200,2026-08-25,9,yes,0,
tsuchiya-kaban.jp,checked,200,2026-08-25,8,yes,0,
theaffordableorganicstore.com,checked,200,2026-08-25,9,yes,0,
ccs.com,checked,200,2026-08-25,8,yes,0,
attackshark.com,checked,200,2026-08-25,9,yes,0,
all4cycling.com,checked,200,2026-08-25,8,yes,0,
ashesinfusedglass.com,checked,200,2026-08-25,8,yes,0,
neverfullydressed.com,checked,200,2026-08-25,9,yes,0,
lodgecastiron.com,checked,200,2026-08-25,8,yes,0,
yachew.com,checked,200,2026-08-25,9,yes,0,
soldejaneiro.com,checked,200,2026-08-25,8,yes,0,
psd.com,checked,200,2026-08-25,8,yes,0,
fye.com,checked,200,2026-08-25,9,yes,0,
safeguardclothing.com,checked,200,2026-08-25,8,yes,0,
vilvahstore.com,checked,200,2026-08-25,9,yes,0,
flipper.net,checked,200,2026-08-25,8,yes,0,
livrenpoche.com,checked,200,2026-08-25,8,yes,0,
moznaim.com,checked,200,2026-08-25,8,yes,0,
paninitienda.com,checked,200,2026-08-25,9,yes,0,
kostuempalast.de,checked,200,2026-08-25,9,yes,0,
baylanguagebooks.co.uk,checked,200,2026-08-25,9,yes,0,
cfab.com,checked,200,2026-08-25,8,yes,0,
shadyrays.com,checked,200,2026-08-25,8,yes,0,
goruck.com,checked,200,2026-08-25,8,yes,0,
footdistrict.com,checked,200,2026-08-25,8,yes,0,
tatasimplybetter.com,checked,200,2026-08-25,8,yes,0,
jonesroadbeauty.com,checked,200,2026-08-25,8,yes,0,
drbronner.com,checked,200,2026-08-25,9,yes,0,
burga.us,checked,200,2026-08-25,9,yes,0,
maperformance.com,checked,200,2026-08-25,8,yes,0,
thebradery.com,checked,200,2026-08-25,8,yes,0,
farmrio.com,checked,200,2026-08-25,9,yes,0,
volta.com.tr,checked,200,2026-08-25,8,yes,0,
nadelectronics.com,checked,200,2026-08-25,8,yes,0,
lashnextdoor.com,checked,200,2026-08-25,8,yes,0,
ayneskia.com,checked,200,2026-08-25,8,yes,0,
bestattar.com,checked,200,2026-08-25,9,yes,0,
casence.in,checked,200,2026-08-25,9,yes,0,
conjuredcardea.com,checked,200,2026-08-25,8,yes,0,
diecutsmart.com,checked,200,2026-08-25,9,yes,0,
goblunt.com,checked,200,2026-08-25,8,yes,0,
gullysports.in,checked,200,2026-08-25,8,yes,0,
leafstudios.in,checked,200,2026-08-25,8,yes,0,
mga-officialstore.com,checked,200,2026-08-25,8,yes,0,
mushq.com,checked,200,2026-08-25,8,yes,0,
thedrchoice.com,checked,200,2026-08-25,8,yes,0,
xiaomisale.com,checked,200,2026-08-25,8,yes,0,
zeelretail.com,unreachable,402,,,,,
bevmo.com,blocked,403,,,,,
quiksilver.com,checked,200,2026-08-25,8,yes,0,
fantagraphics.com,checked,200,2026-08-25,8,yes,0,
lymphoria.co,checked,200,2026-08-25,8,yes,0,
wforwoman.com,checked,200,2026-08-25,8,yes,0,
lordandtaylor.com,checked,200,2026-08-25,8,yes,0,
laduree.com,checked,200,2026-08-25,8,yes,0,
fiido.com,checked,200,2026-08-25,8,yes,0,
factory54.co.il,checked,200,2026-08-25,9,yes,0,
convercy.app,checked,200,2026-08-25,9,yes,0,
arccosgolf.com,checked,200,2026-08-25,9,yes,0,
strandbags.com.au,checked,200,2026-08-25,8,yes,0,
grasscity.com,checked,200,2026-08-25,9,yes,0,
bog-ide.dk,checked,200,2026-08-25,8,yes,0,
mengotomars.com,checked,200,2026-08-25,8,yes,0,
batabd.com,checked,200,2026-08-25,8,yes,0,
kosmos.de,checked,200,2026-08-25,8,yes,0,
nvgallery.com,checked,200,2026-08-25,9,yes,0,
pharmadva.com,checked,200,2026-08-25,9,yes,0,
jonathanadler.com,checked,200,2026-08-25,9,yes,0,
mahlkoenig.com,checked,200,2026-08-25,8,yes,0,
icegroup.com.au,checked,200,2026-08-25,9,yes,0,
horror-shop.com,checked,200,2026-08-25,8,yes,0,
tradingcardmarket.com,checked,200,2026-08-25,9,yes,0,
versusgamecenter.pt,checked,200,2026-08-25,8,yes,0,
usa.pioneer,checked,200,2026-08-25,8,yes,0,
safariland.com,checked,200,2026-08-25,9,yes,0,
drmtlgy.com,checked,200,2026-08-25,8,yes,0,
glamnetic.com,checked,200,2026-08-25,8,yes,0,
faraone.shop,checked,200,2026-08-25,8,yes,0,
varusteleka.com,checked,200,2026-08-25,9,yes,0,
baskandlatherco.com,checked,200,2026-08-25,9,yes,0,
ceramicstore.eu,checked,200,2026-08-25,8,yes,0,
oneractive.com,checked,200,2026-08-25,9,yes,0,
thecubicle.com,checked,200,2026-08-25,8,yes,0,
dosedaily.co,checked,200,2026-08-25,8,yes,0,
ecoalf.com,checked,200,2026-08-25,8,yes,0,
atletica.de,checked,200,2026-08-25,8,yes,0,
toadandco.com,checked,200,2026-08-25,9,yes,0,
tesery.com,checked,200,2026-08-25,8,yes,0,
mblock.cc,checked,200,2026-08-25,8,yes,0,
reatec.ch,checked,200,2026-08-25,8,yes,0,
sonoff.tech,checked,200,2026-08-25,9,yes,0,
rosefieldwatches.com,checked,200,2026-08-25,9,yes,0,
santacruzbicycles.com,checked,200,2026-08-25,9,yes,0,
veronicabeard.com,checked,200,2026-08-25,8,yes,0,
groworganic.com,checked,200,2026-08-25,8,yes,0,
artfire.com,checked,200,2026-08-25,8,yes,0,
japan-figure.com,checked,200,2026-08-25,8,yes,0,
fahrrad.de,checked,200,2026-08-25,8,yes,0,
bee-link.com,checked,200,2026-08-25,9,yes,0,
ponchooutdoors.com,checked,200,2026-08-25,8,yes,0,
buywptemplates.com,checked,200,2026-08-25,9,yes,0,
thefleececompany.com,checked,200,2026-08-25,9,yes,0,
audiovolt.co.uk,checked,200,2026-08-25,9,yes,0,
foodforfoodies.co.uk,no-profile,404,,,,,
turntablelab.com,checked,200,2026-08-25,8,yes,0,
minisforum.com,checked,200,2026-08-25,8,yes,0,
tatcha.com,checked,200,2026-08-25,8,yes,0,
carawayhome.com,checked,200,2026-08-25,8,yes,0,
kappa.com,checked,200,2026-08-25,8,yes,0,
teachersuperstore.com.au,checked,200,2026-08-25,9,yes,0,
ibasen.co.jp,checked,200,2026-08-25,8,yes,0,
goodbuygear.com,checked,200,2026-08-25,9,yes,0,
pinko.com,checked,200,2026-08-25,9,yes,0,
winsornewton.com,checked,200,2026-08-25,9,yes,0,
scotchandsoda.com,checked,200,2026-08-25,8,yes,0,
theclassictemplates.com,checked,200,2026-08-25,9,yes,0,
quickvit.co.uk,checked,200,2026-08-25,8,yes,0,
loveshackfancy.com,checked,200,2026-08-25,8,yes,0,
commercialbulbs.com,checked,200,2026-08-25,8,yes,0,
vicars-furniture.com,checked,200,2026-08-25,8,yes,0,
curlystop.pt,checked,200,2026-08-25,8,yes,0,
barkershoes.com,checked,200,2026-08-25,9,yes,0,
brecks.com,checked,200,2026-08-25,9,yes,0,
pitboss-grills.com,checked,200,2026-08-25,9,yes,0,
34stjohn.com,checked,200,2026-08-25,9,yes,0,
blackstoneproducts.com,checked,200,2026-08-25,9,yes,0,
fielddoctor.co.uk,checked,200,2026-08-25,9,yes,0,
dutchvinyl.com.au,checked,200,2026-08-25,9,yes,0,
cymatics.fm,checked,200,2026-08-25,9,yes,0,
sharpeningsupplies.com,checked,200,2026-08-25,9,yes,0,
vitamoment.de,checked,200,2026-08-25,8,yes,0,
industville.co.uk,checked,200,2026-08-25,8,yes,0,
unique-vintage.com,checked,200,2026-08-25,9,yes,0,
measure-mart.com,checked,200,2026-08-25,9,yes,0,
fas-bee.com,checked,200,2026-08-25,8,yes,0,
goodamerican.com,checked,200,2026-08-25,9,yes,0,
madura.com,checked,200,2026-08-25,8,yes,0,
colorescience.com,checked,200,2026-08-25,8,yes,0,
shuffleandcutgames.co.nz,checked,200,2026-08-25,9,yes,0,
drift.co,checked,200,2026-08-25,9,yes,0,
ryobitools.com,checked,200,2026-08-25,9,yes,0,
emblibrary.com,checked,200,2026-08-25,9,yes,0,
coofandy.com,checked,200,2026-08-25,9,yes,0,
alessi.com,checked,200,2026-08-25,9,yes,0,
umall.com.au,checked,200,2026-08-25,8,yes,0,
orbitonline.com,checked,200,2026-08-25,9,yes,0,
mymuesli.com,checked,200,2026-08-25,9,yes,0,
planetahuerto.es,checked,200,2026-08-25,8,yes,0,
ever-pretty.com,checked,200,2026-08-25,8,yes,0,
ridefox.com,checked,200,2026-08-25,8,yes,0,
easygardenirrigation.co.uk,checked,200,2026-08-25,9,yes,0,
sting.com,checked,200,2026-08-25,8,yes,0,
shepherdspurse.co.uk,checked,200,2026-08-25,8,yes,0,
melissaanddoug.com,checked,200,2026-08-25,9,yes,0,
cozyearth.com,checked,200,2026-08-25,8,yes,0,
robocraze.com,checked,200,2026-08-25,9,yes,0,
hoooyi.com,checked,200,2026-08-25,8,yes,0,
americanstandard-us.com,checked,200,2026-08-25,8,yes,0,
enroutejewelry.com,checked,200,2026-08-25,8,yes,0,
ninjatransfers.com,checked,200,2026-08-25,8,yes,0,
dpam.com,checked,200,2026-08-25,8,yes,0,
fleshlight.com,checked,200,2026-08-25,9,yes,0,
ashleyhomestore.ca,checked,200,2026-08-25,9,yes,0,
wego.jp,checked,200,2026-08-25,8,yes,0,
berg-fit.de,checked,200,2026-08-25,8,yes,0,
issaonline.com,checked,200,2026-08-25,8,yes,0,
gempages.net,checked,200,2026-08-25,8,yes,0,
riflepaperco.com,checked,200,2026-08-25,8,yes,0,
kyliecosmetics.com,checked,200,2026-08-25,8,yes,0,
onlinemantra.in,checked,200,2026-08-25,9,yes,0,
levi.jp,checked,200,2026-08-25,9,yes,0,
caskcartel.com,checked,200,2026-08-25,8,yes,0,
cornercart.io,checked,200,2026-08-25,9,yes,0,
theduabrand.com,checked,200,2026-08-25,8,yes,0,
getcasely.com,checked,200,2026-08-25,9,yes,0,
hareruya2.com,checked,200,2026-08-25,8,yes,0,
mossery.co,checked,200,2026-08-25,9,yes,0,
brighton.com,checked,200,2026-08-25,8,yes,0,
pavers.co.uk,checked,200,2026-08-25,9,yes,0,
polywood.com,checked,200,2026-08-25,8,yes,0,
luzuk.com,checked,200,2026-08-25,9,yes,0,
parachutehome.com,checked,200,2026-08-25,8,yes,0,
msikoods.com,checked,200,2026-08-25,9,yes,0,
ottolenghi.co.uk,checked,200,2026-08-25,9,yes,0,
recodestudios.com,checked,200,2026-08-25,9,yes,0,
cannacabana.com,checked,200,2026-08-25,9,yes,0,
modeautoconcepts.com,checked,200,2026-08-25,9,yes,0,
poundland.co.uk,checked,200,2026-08-25,9,yes,0,
elizabetharden.com,checked,200,2026-08-25,8,yes,0,
tallows.de,checked,200,2026-08-25,9,yes,0,
leslainesbiscotte.com,checked,200,2026-08-25,9,yes,0,
kitepoint.shop,checked,200,2026-08-25,8,yes,0,
horseandbuggychrome.com,checked,200,2026-08-25,8,yes,0,
mdfskirtingmouldings.co.uk,checked,200,2026-08-25,8,yes,0,
untdkicks.com,checked,200,2026-08-25,9,yes,0,
easyspirit.com,checked,200,2026-08-25,9,yes,0,
tierzerogames.com,checked,200,2026-08-25,9,yes,0,
custom-neonsigns.com,checked,200,2026-08-25,8,yes,0,
joyfulnoiserecordings.com,checked,200,2026-08-25,9,yes,0,
thinoptics.com,checked,200,2026-08-25,9,yes,0,
brookstone.com,checked,200,2026-08-25,8,yes,0,
skintific.com,checked,200,2026-08-25,9,yes,0,
familiar.co.jp,checked,200,2026-08-25,9,yes,0,
k-way.com,checked,200,2026-08-25,8,yes,0,
mycarpe.com,checked,200,2026-08-25,8,yes,0,
naturtreu.de,checked,200,2026-08-25,9,yes,0,
meshki.com.au,checked,200,2026-08-25,8,yes,0,
canadaweldingsupply.ca,checked,200,2026-08-25,9,yes,0,
ryderwear.com,checked,200,2026-08-25,8,yes,0,
megadeth.com,checked,200,2026-08-25,9,yes,0,
stetson.com,checked,200,2026-08-25,8,yes,0,
99bikes.com.au,checked,200,2026-08-25,8,yes,0,
bulletproofzone.com,checked,200,2026-08-25,9,yes,0,
fromrebel.com,checked,200,2026-08-25,9,yes,0,
championstore.com,checked,200,2026-08-25,9,yes,0,
lilyandfox.com,checked,200,2026-08-25,8,yes,0,
moschino.com,checked,200,2026-08-25,8,yes,0,
susucar.com,checked,200,2026-08-25,8,yes,0,
izipizi.com,checked,200,2026-08-25,9,yes,0,
gatheringgames.co.uk,checked,200,2026-08-25,8,yes,0,
cymbiotika.com,checked,200,2026-08-25,8,yes,0,
labottegadinonnavittoria.it,checked,200,2026-08-25,9,yes,0,
oribe.com,checked,200,2026-08-25,8,yes,0,
bluemercury.com,checked,200,2026-08-25,8,yes,0,
tuscaloosafurnitureoutlet.com,checked,200,2026-08-25,9,yes,0,
vitabiotics.com,checked,200,2026-08-25,9,yes,0,
thewoobles.com,checked,200,2026-08-25,9,yes,0,
chemicalguys.com,checked,200,2026-08-25,9,yes,0,
rubans.in,checked,200,2026-08-25,8,yes,0,
wellbeingnutrition.com,checked,200,2026-08-25,9,yes,0,
plugable.com,checked,200,2026-08-25,9,yes,0,
nicobar.com,checked,200,2026-08-25,8,yes,0,
nyandcompany.com,checked,200,2026-08-25,8,yes,0,
chestnutmill.co.uk,checked,200,2026-08-25,8,yes,0,
crzyoga.com,checked,200,2026-08-25,8,yes,0,
despair.com,checked,200,2026-08-25,8,yes,0,
thefoldline.com,checked,200,2026-08-25,9,yes,0,
vitacsolutions.com,checked,200,2026-08-25,8,yes,0,
macrobaby.com,checked,200,2026-08-25,8,yes,0,
ascensionpress.com,checked,200,2026-08-25,8,yes,0,
big-mart.info,unreachable,402,,,,,
milfshakes.es,checked,200,2026-08-25,9,yes,0,
mirabellecosmetics.in,checked,200,2026-08-25,9,yes,0,
shahnaz.in,checked,200,2026-08-25,8,yes,0,
sexymenunderwear.com,checked,200,2026-08-25,8,yes,0,
petalandpup.com,checked,200,2026-08-25,9,yes,0,
molekule.com,checked,200,2026-08-25,8,yes,0,
genuinereplacementparts.com,checked,200,2026-08-25,8,yes,0,
globalhealing.com,checked,200,2026-08-25,9,yes,0,
averdo.com,checked,200,2026-08-25,8,yes,0,
camilla.com,checked,200,2026-08-25,8,yes,0,
surlybikes.com,checked,200,2026-08-25,8,yes,0,
unclaimedbaggage.com,checked,200,2026-08-25,9,yes,0,
naturemade.com,checked,200,2026-08-25,9,yes,0,
organicindia.com,checked,200,2026-08-25,9,yes,0,
filimin.com,checked,200,2026-08-25,9,yes,0,
bauer.com,checked,200,2026-08-25,8,yes,0,
rarebeauty.com,checked,200,2026-08-25,9,yes,0,
frys.com,checked,200,2026-08-25,8,yes,0,
andrewmorrisgolf.com,checked,200,2026-08-25,9,yes,0,
bigagnes.com,checked,200,2026-08-25,8,yes,0,
gorjana.com,checked,200,2026-08-25,8,yes,0,
cycolo.com,checked,200,2026-08-25,8,yes,0,
oofos.com,checked,200,2026-08-25,8,yes,0,
lagreentouch.fr,checked,200,2026-08-25,8,yes,0,
opencolleges.edu.au,checked,200,2026-08-25,9,yes,0,
bulkmart.us,checked,200,2026-08-25,9,yes,0,
tansu-gen.jp,checked,200,2026-08-25,8,yes,0,
shoespoint.biz,checked,200,2026-08-25,9,yes,0,
casadormi.nl,checked,200,2026-08-25,8,yes,0,
axparis.com,checked,200,2026-08-25,9,yes,0,
aquitaz.se,checked,200,2026-08-25,8,yes,0,
eyemartexpress.com,checked,200,2026-08-25,9,yes,0,
porchlightbooks.com,checked,200,2026-08-25,8,yes,0,
bodycandy.com,checked,200,2026-08-25,8,yes,0,
twopagescurtains.com,checked,200,2026-08-25,8,yes,0,
g2oo.com,unreachable,,,,,,
orientelectric.com,checked,200,2026-08-25,9,yes,0,
vitacoco.com,checked,200,2026-08-25,9,yes,0,
farmergracy.co.uk,checked,200,2026-08-25,9,yes,0,
wirelessplace.com,checked,200,2026-08-25,8,yes,0,
aliceandolivia.com,checked,200,2026-08-25,9,yes,0,
bulksupplements.com,checked,200,2026-08-25,8,yes,0,
brocktonfurniturema.com,checked,200,2026-08-25,9,yes,0,
healthypig.com.hk,checked,200,2026-08-25,9,yes,0,
vertu.com,checked,200,2026-08-25,8,yes,0,
treasureskart.shop,unreachable,402,,,,,
rockport.com,checked,200,2026-08-25,9,yes,0,
delsey.com,checked,200,2026-08-25,8,yes,0,
myfahlo.com,checked,200,2026-08-25,8,yes,0,
lasportivausa.com,checked,200,2026-08-25,9,yes,0,
ezfurnitureofmayfair.com,checked,200,2026-08-25,8,yes,0,
orangestreetmall.com,checked,200,2026-08-25,9,yes,0,
fenwick.co.uk,checked,200,2026-08-25,9,yes,0,
joseyrecords.com,checked,200,2026-08-25,9,yes,0,
moscot.com,checked,200,2026-08-25,8,yes,0,
kiwibit.com,checked,200,2026-08-25,9,yes,0,
pinkblushmaternity.com,checked,200,2026-08-25,9,yes,0,
shoppromesa.com,checked,200,2026-08-25,9,yes,0,
hisgifts.us,checked,200,2026-08-25,8,yes,0,
mcricharddesignerbrands.com,checked,200,2026-08-25,9,yes,0,
videogamesplus.ca,checked,200,2026-08-25,9,yes,0,
olaplex.com,checked,200,2026-08-25,9,yes,0,
lasenza.com,checked,200,2026-08-25,9,yes,0,
adanola.com,checked,200,2026-08-25,8,yes,0,
80scasualclassics.co.uk,checked,200,2026-08-25,9,yes,0,
powerhouse-diesel.com,checked,200,2026-08-25,9,yes,0,
universalstore.com,checked,200,2026-08-25,9,yes,0,
filson.com,checked,200,2026-08-25,9,yes,0,
beautyofjoseon.com,checked,200,2026-08-25,8,yes,0,
im8health.com,checked,200,2026-08-25,8,yes,0,
darksiderecords.com,checked,200,2026-08-25,9,yes,0,
liquid-life.de,checked,200,2026-08-25,8,yes,0,
mobilfox.com,checked,200,2026-08-25,8,yes,0,
danjohn.com,checked,200,2026-08-25,9,yes,0,
cardboardmemories.ca,checked,200,2026-08-25,8,yes,0,
t2tea.com,checked,200,2026-08-25,9,yes,0,
jenis.com,checked,200,2026-08-25,9,yes,0,
books2door.com,checked,200,2026-08-25,9,yes,0,
nixon.com,checked,200,2026-08-25,9,yes,0,
soundstrue.com,checked,200,2026-08-25,8,yes,0,
dvf.com,checked,200,2026-08-25,8,yes,0,
petersen.org,checked,200,2026-08-25,9,yes,0,
sternglas.com,checked,200,2026-08-25,8,yes,0,
baybridal.nz,checked,200,2026-08-25,9,yes,0,
industrialautomationco.com,checked,200,2026-08-25,8,yes,0,
kusmitea.com,checked,200,2026-08-25,8,yes,0,
valmontimode.com,checked,200,2026-08-25,9,yes,0,
dlkmodas.com.br,checked,200,2026-08-25,8,yes,0,
tyclon.com,checked,200,2026-08-25,8,yes,0,
smythson.com,checked,200,2026-08-25,9,yes,0,
ice-watch.com,checked,200,2026-08-25,8,yes,0,
preetpret.pk,checked,200,2026-08-25,9,yes,0,
superbottoms.com,checked,200,2026-08-25,9,yes,0,
pcx.com.ph,checked,200,2026-08-25,8,yes,0,
thombrowne.com,checked,200,2026-08-25,9,yes,0,
simplybearings.co.uk,checked,200,2026-08-25,9,yes,0,
woolx.com,checked,200,2026-08-25,9,yes,0,
animalpak.com,checked,200,2026-08-25,9,yes,0,
7forallmankind.com,checked,200,2026-08-25,9,yes,0,
blingqueen.in,checked,200,2026-08-25,8,yes,0,
wacoal-america.com,checked,200,2026-08-25,9,yes,0,
shopaisa.com,checked,200,2026-08-25,8,yes,0,
ucon-acrobatics.com,checked,200,2026-08-25,9,yes,0,
probikeshop.fr,checked,200,2026-08-25,9,yes,0,
mundimotos.com,checked,200,2026-08-25,9,yes,0,
furniturecitysa.com,checked,200,2026-08-25,9,yes,0,
sundrug-online.com,checked,200,2026-08-25,8,yes,0,
nsn-parts.com,checked,200,2026-08-25,8,yes,0,
bareminerals.com,checked,200,2026-08-25,8,yes,0,
babyplanet.pk,checked,200,2026-08-25,9,yes,0,
turbobrandsfactory.com,checked,200,2026-08-25,9,yes,0,
zavya.co,checked,200,2026-08-25,9,yes,0,
armorlux.com,checked,200,2026-08-25,8,yes,0,
cestelle.ca,checked,200,2026-08-25,8,yes,0,
directfactoryfurniture.com,checked,200,2026-08-25,8,yes,0,
overthemoon.com,checked,200,2026-08-25,8,yes,0,
kytebaby.com,checked,200,2026-08-25,9,yes,0,
computerorbit.com,checked,200,2026-08-25,8,yes,0,
baseus.com,checked,200,2026-08-25,8,yes,0,
bond-touch.com,checked,200,2026-08-25,9,yes,0,
rustans.com,checked,200,2026-08-25,8,yes,0,
361sport.com,checked,200,2026-08-25,8,yes,0,
batik.com.pk,checked,200,2026-08-25,8,yes,0,
lajreedesigner.com,checked,200,2026-08-25,9,yes,0,
bmc-switzerland.com,checked,200,2026-08-25,8,yes,0,
fromourplace.com,checked,200,2026-08-25,9,yes,0,
brillcam.com,checked,200,2026-08-25,9,yes,0,
bagallery.com,checked,200,2026-08-25,9,yes,0,
noteonline.pt,checked,200,2026-08-25,9,yes,0,
nativepath.com,checked,200,2026-08-25,8,yes,0,
javvycoffee.com,checked,200,2026-08-25,8,yes,0,
bluefly.com,checked,200,2026-08-25,8,yes,0,
thebearhouse.com,checked,200,2026-08-25,8,yes,0,
morebeer.com,checked,200,2026-08-25,9,yes,0,
noondaycollection.com,checked,200,2026-08-25,8,yes,0,
wisefood.eu,checked,200,2026-08-25,8,yes,0,
eskinstore.ca,checked,200,2026-08-25,9,yes,0,
kindpatches.com,checked,200,2026-08-25,9,yes,0,
boc24.de,checked,200,2026-08-25,9,yes,0,
goalzero.com,checked,200,2026-08-25,8,yes,0,
whitefoxboutique.com.au,checked,200,2026-08-25,8,yes,0,
scentsnstories.pk,checked,200,2026-08-25,9,yes,0,
northdeco.com,checked,200,2026-08-25,9,yes,0,
atk.store,checked,200,2026-08-25,8,yes,0,
dwmusic.com.au,checked,200,2026-08-25,8,yes,0,
hellonancy.com,checked,200,2026-08-25,8,yes,0,
tower.com,checked,200,2026-08-25,9,yes,0,
mechanicalkeyboards.com,checked,200,2026-08-25,9,yes,0,
trees.com,checked,200,2026-08-25,8,yes,0,
homage.com,checked,200,2026-08-25,9,yes,0,
traxnyc.com,checked,200,2026-08-25,8,yes,0,
southernstyle-offroad.com,checked,200,2026-08-25,9,yes,0,
heatbit.com,checked,200,2026-08-25,9,yes,0,
gunsnroses.com,checked,200,2026-08-25,8,yes,0,
robinsonsjewelers.com,checked,200,2026-08-25,9,yes,0,
ninoma.com,checked,200,2026-08-25,9,yes,0,
urbanmonkey.com,checked,200,2026-08-25,9,yes,0,
cosmotogether.com,checked,200,2026-08-25,9,yes,0,
urbanbodyjewelry.com,checked,200,2026-08-25,9,yes,0,
cimalp.com,checked,200,2026-08-25,8,yes,0,
atomic.com,checked,200,2026-08-25,8,yes,0,
adanslibas.com,checked,200,2026-08-25,9,yes,0,
trudyshallmark.com,checked,200,2026-08-25,8,yes,0,
globalsprouts.com,unreachable,,,,,,
champion.com,checked,200,2026-08-25,8,yes,0,
lightburnsoftware.com,checked,200,2026-08-25,8,yes,0,
radley.co.uk,checked,200,2026-08-25,8,yes,0,
neewer.com,checked,200,2026-08-25,8,yes,0,
rebike.com,checked,200,2026-08-25,8,yes,0,
laprairie.com,checked,200,2026-08-25,9,yes,0,
avalore-jewelry.com,checked,200,2026-08-25,8,yes,0,
chattanoogabutter.com,checked,200,2026-08-25,8,yes,0,
lauramercier.com,checked,200,2026-08-25,9,yes,0,
neveneyewear.com,checked,200,2026-08-25,9,yes,0,
aromie.store,checked,200,2026-08-25,9,yes,0,
simplemodern.com,checked,200,2026-08-25,9,yes,0,
atechmemory.com,checked,200,2026-08-25,8,yes,0,
esprit.com.co,checked,200,2026-08-25,8,yes,0,
zaqq.com,checked,200,2026-08-25,8,yes,0,
railsofsheffield.com,checked,200,2026-08-25,9,yes,0,
cracking-tcgsingles.com.au,checked,200,2026-08-25,8,yes,0,
dfranklincreation.com,checked,200,2026-08-25,9,yes,0,
gandlfurniture.ca,checked,200,2026-08-25,8,yes,0,
outletbenetton.com,checked,200,2026-08-25,8,yes,0,
2xu.com,checked,200,2026-08-25,9,yes,0,
lax.com,checked,200,2026-08-25,9,yes,0,
thamesandhudson.com,checked,200,2026-08-25,8,yes,0,
t-firefly.com,checked,200,2026-08-25,9,yes,0,
mellownoir.com,checked,200,2026-08-25,8,yes,0,
plouise.co.uk,checked,200,2026-08-25,8,yes,0,
blackbeiger.com,checked,200,2026-08-25,9,yes,0,
bannerandoak.com,checked,200,2026-08-25,9,yes,0,
suomalainen.com,checked,200,2026-08-25,9,yes,0,
venturacardgames.com,checked,200,2026-08-25,9,yes,0,
xteink.com,checked,200,2026-08-25,8,yes,0,
alaninu.com,checked,200,2026-08-25,9,yes,0,
thetiebar.com,checked,200,2026-08-25,8,yes,0,
pjoutdoors.co.uk,checked,200,2026-08-25,8,yes,0,
silverskin.it,checked,200,2026-08-25,9,yes,0,
rangolistore.pk,checked,200,2026-08-25,9,yes,0,
missrose.com.pk,checked,200,2026-08-25,9,yes,0,
juviasplace.com,checked,200,2026-08-25,9,yes,0,
furniturewarehousedirect.com,checked,200,2026-08-25,8,yes,0,
les-coupons-de-saint-pierre.fr,checked,200,2026-08-25,8,yes,0,
brandonsanderson.com,checked,200,2026-08-25,9,yes,0,
demellierlondon.com,checked,200,2026-08-25,9,yes,0,
hitadouble.com,checked,200,2026-08-25,9,yes,0,
brownsfashion.com,checked,200,2026-08-25,9,yes,0,
sunemall.com,checked,200,2026-08-25,9,yes,0,
silayipret.com,checked,200,2026-08-25,8,yes,0,
got-bag.com,checked,200,2026-08-25,8,yes,0,
driesvannoten.com,checked,200,2026-08-25,9,yes,0,
betterware.com.mx,checked,200,2026-08-25,9,yes,0,
storedevastation.com,checked,200,2026-08-25,8,yes,0,
bblunt.com,checked,200,2026-08-25,9,yes,0,
drsheths.com,checked,200,2026-08-25,9,yes,0,
greenfit.com.co,checked,200,2026-08-25,8,yes,0,
homycasa.pt,checked,200,2026-08-25,8,yes,0,
hushpuppies.com.pk,checked,200,2026-08-25,8,yes,0,
motifz.com.pk,checked,200,2026-08-25,9,yes,0,
madecentro.com,checked,200,2026-08-25,9,yes,0,
lavar.app,checked,200,2026-08-25,9,yes,0,
crunchlabs.com,checked,200,2026-08-25,8,yes,0,
ploutone.com,checked,200,2026-08-25,8,yes,0,
fab-art.co,checked,200,2026-08-25,8,yes,0,
staycoldapparel.com,checked,200,2026-08-25,8,yes,0,
ritual.com,checked,200,2026-08-25,9,yes,0,
devred.com,checked,200,2026-08-25,8,yes,0,
luhxe.com,checked,200,2026-08-25,9,yes,0,
parrotup.com,checked,200,2026-08-25,9,yes,0,
skechers.se,checked,200,2026-08-25,8,yes,0,
corgisocks.com,checked,200,2026-08-25,9,yes,0,
framebridge.com,checked,200,2026-08-25,8,yes,0,
meshki.co.uk,checked,200,2026-08-25,9,yes,0,
victoriabeckham.com,checked,200,2026-08-25,9,yes,0,
ultrabasic.com,checked,200,2026-08-25,9,yes,0,
drune.de,checked,200,2026-08-25,8,yes,0,
bowflex.com,checked,200,2026-08-25,8,yes,0,
jimmyfairly.com,checked,200,2026-08-25,9,yes,0,
mottandbow.com,checked,200,2026-08-25,9,yes,0,
navimow.com,checked,200,2026-08-25,8,yes,0,
linoperros.com,checked,200,2026-08-25,9,yes,0,
merchology.com,checked,200,2026-08-25,9,yes,0,
toa.st,checked,200,2026-08-25,8,yes,0,
newjaisa.com,checked,200,2026-08-25,8,yes,0,
antoniopacelli.com,checked,200,2026-08-25,8,yes,0,
zippo.com,checked,200,2026-08-25,9,yes,0,
axorhelmets.com,checked,200,2026-08-25,8,yes,0,
joyorganics.com,checked,200,2026-08-25,8,yes,0,
ushomeplus.com,checked,200,2026-08-25,8,yes,0,
makeblock.com,checked,200,2026-08-25,8,yes,0,
anekke.es,checked,200,2026-08-25,8,yes,0,
rawnutritional.com,checked,200,2026-08-25,9,yes,0,
petrolicious.com,checked,200,2026-08-25,8,yes,0,
digimap.co.id,checked,200,2026-08-25,9,yes,0,
almirah.com.pk,checked,200,2026-08-25,8,yes,0,
treat-stores.com,checked,200,2026-08-25,8,yes,0,
hurley.com,checked,200,2026-08-25,9,yes,0,
hydraulicsstores.co.za,checked,200,2026-08-25,9,yes,0,
inhomefurniturewholesale.com,checked,200,2026-08-25,8,yes,0,
shopcoveusa.com,checked,200,2026-08-25,9,yes,0,
speediance.com,checked,200,2026-08-25,9,yes,0,
frame-store.com,checked,200,2026-08-25,8,yes,0,
castleflexx.com,checked,200,2026-08-25,8,yes,0,
velvetcaviar.com,checked,200,2026-08-25,9,yes,0,
byrna.com,checked,200,2026-08-25,9,yes,0,
puravidabracelets.com,checked,200,2026-08-25,8,yes,0,
hallyu4u.com,checked,200,2026-08-25,9,yes,0,
doonails.com,checked,200,2026-08-25,8,yes,0,
americanmeadows.com,checked,200,2026-08-25,8,yes,0,
viktor-rolf.com,checked,200,2026-08-25,8,yes,0,
letsbeco.com,checked,200,2026-08-25,8,yes,0,
faithgateway.com,checked,200,2026-08-25,8,yes,0,
puffco.com,checked,200,2026-08-25,8,yes,0,
coolibar.com,checked,200,2026-08-25,8,yes,0,
donnakaran.com,checked,200,2026-08-25,8,yes,0,
lafeemaraboutee.fr,checked,200,2026-08-25,9,yes,0,
sparkswarehouse.com,checked,200,2026-08-25,9,yes,0,
goretroid.com,checked,200,2026-08-25,9,yes,0,
shopfurniturestars.com,checked,200,2026-08-25,8,yes,0,
cosmeticconnection.co.za,checked,200,2026-08-25,8,yes,0,
mypatriotsupply.com,checked,200,2026-08-25,8,yes,0,
el-clan.com,checked,200,2026-08-25,9,yes,0,
iwantoneofthose.com,checked,200,2026-08-25,9,yes,0,
brandsarelive.com,checked,200,2026-08-25,9,yes,0,
scarpa.com,checked,200,2026-08-25,9,yes,0,
pawfecthouse.com,checked,200,2026-08-25,8,yes,0,
tiendaride.cl,checked,200,2026-08-25,9,yes,0,
musiccitycanada.com,checked,200,2026-08-25,9,yes,0,
assouline.com,checked,200,2026-08-25,8,yes,0,
anta.com,checked,200,2026-08-25,8,yes,0,
yema.com,checked,200,2026-08-25,8,yes,0,
echelonfit.com,checked,200,2026-08-25,8,yes,0,
glazerscamera.com,checked,200,2026-08-25,9,yes,0,
mivi.in,checked,200,2026-08-25,8,yes,0,
tabletcovers.dk,checked,200,2026-08-25,8,yes,0,
smartwatchbanden.nl,checked,200,2026-08-25,8,yes,0,
prepmymeal.com,checked,200,2026-08-25,8,yes,0,
friendzstore.pl,checked,200,2026-08-25,8,yes,0,
hatcountry.com,checked,200,2026-08-25,8,yes,0,
avonbeauty.com,checked,200,2026-08-25,9,yes,0,
jaipur.watch,checked,200,2026-08-25,8,yes,0,
herbiotics.com.pk,checked,200,2026-08-25,8,yes,0,
shinola.com,checked,200,2026-08-25,9,yes,0,
eaglecreek.com,checked,200,2026-08-25,9,yes,0,
2modern.com,checked,200,2026-08-25,9,yes,0,
zettlab.com,checked,200,2026-08-25,8,yes,0,
hunterboots.com,checked,200,2026-08-25,9,yes,0,
barrs-furniture.com,checked,200,2026-08-25,9,yes,0,
crepdogcrew.com,checked,200,2026-08-25,8,yes,0,
astech.com,checked,200,2026-08-25,8,yes,0,
addictonline.co.il,checked,200,2026-08-25,9,yes,0,
layouthub.com,checked,200,2026-08-25,9,yes,0,
redragonshop.com,checked,200,2026-08-25,9,yes,0,
gamersguildusa.com,checked,200,2026-08-25,9,yes,0,
mandalascrubs.com,checked,200,2026-08-25,8,yes,0,
furnitureplacergv.com,checked,200,2026-08-25,8,yes,0,
anastasiabeverlyhills.com,checked,200,2026-08-25,8,yes,0,
govicture.com,checked,200,2026-08-25,8,yes,0,
redchief.in,checked,200,2026-08-25,8,yes,0,
urbanambiance.com,checked,200,2026-08-25,9,yes,0,
cornucopiapetfoods.com,checked,200,2026-08-25,8,yes,0,
clement.ca,checked,200,2026-08-25,9,yes,0,
aimeleondore.com,checked,200,2026-08-25,8,yes,0,
volcom.com,checked,200,2026-08-25,8,yes,0,
controlz.world,checked,200,2026-08-25,9,yes,0,
ethenika.com,checked,200,2026-08-25,8,yes,0,
giysi.in,checked,200,2026-08-25,9,yes,0,
kalyansilks.com,checked,200,2026-08-25,8,yes,0,
nishatlinenfps.com,checked,200,2026-08-25,8,yes,0,
phdbeauty.com,checked,200,2026-08-25,8,yes,0,
rashyam.in,checked,200,2026-08-25,9,yes,0,
rdserviceonline.com,checked,200,2026-08-25,9,yes,0,
sokamal.com,checked,200,2026-08-25,9,yes,0,
stazebeauty.com,checked,200,2026-08-25,9,yes,0,
unniyarcha.com,checked,200,2026-08-25,8,yes,0,
ushadesigners.com,checked,200,2026-08-25,8,yes,0,
vanauraorganics.com,checked,200,2026-08-25,9,yes,0,
seijoishii.com,checked,200,2026-08-25,9,yes,0,
beadndgames.co.nz,checked,200,2026-08-25,8,yes,0,
boutiqueawesome.com,checked,200,2026-08-25,8,yes,0,
betafpv.com,checked,200,2026-08-25,9,yes,0,
furniturehomekc.com,checked,200,2026-08-25,9,yes,0,
tymobeauty.com,checked,200,2026-08-25,9,yes,0,
oakcha.com,checked,200,2026-08-25,8,yes,0,
mydryfire.shop,checked,200,2026-08-25,9,yes,0,
petboutique.it,checked,200,2026-08-25,8,yes,0,
mattressandfurnituresupercenter.com,checked,200,2026-08-25,9,yes,0,
hobbiesville.com,checked,200,2026-08-25,9,yes,0,
rachaelray.com,checked,200,2026-08-25,9,yes,0,
escentual.com,checked,200,2026-08-25,9,yes,0,
lenox.com,checked,200,2026-08-25,8,yes,0,
atxbooks.com,checked,200,2026-08-25,8,yes,0,
affordablegolf.co.uk,checked,200,2026-08-25,9,yes,0,
a-listlacehair.com,checked,200,2026-08-25,9,yes,0,
lumibricks.com,checked,200,2026-08-25,9,yes,0,
ashanticosmetics.com,checked,200,2026-08-25,9,yes,0,
startfitness.co.uk,checked,200,2026-08-25,9,yes,0,
furnituretogony.com,checked,200,2026-08-25,8,yes,0,
pdpaola.com,checked,200,2026-08-25,8,yes,0,
lifestraw.com,checked,200,2026-08-25,9,yes,0,
sterlingvineyards.com,checked,200,2026-08-25,8,yes,0,
bulurru.com.au,checked,200,2026-08-25,8,yes,0,
nearlynatural.com,checked,200,2026-08-25,9,yes,0,
nebuleusebijoux.com,checked,200,2026-08-25,8,yes,0,
knxsolution.sk,checked,200,2026-08-25,9,yes,0,
kurand.jp,checked,200,2026-08-25,9,yes,0,
steaklocker.com,checked,200,2026-08-25,9,yes,0,
bigfrogsupply.com,checked,200,2026-08-25,9,yes,0,
bajaao.com,checked,200,2026-08-25,8,yes,0,
spyderco.com,checked,200,2026-08-25,8,yes,0,
souschef.co.uk,checked,200,2026-08-25,8,yes,0,
jafarshop.com,checked,200,2026-08-25,8,yes,0,
kcfurnitureoutlet.com,checked,200,2026-08-25,9,yes,0,
tcgculture.com,checked,200,2026-08-25,9,yes,0,
wethepeopleholsters.com,checked,200,2026-08-25,9,yes,0,
darntough.com,checked,200,2026-08-25,8,yes,0,
homefurnishingsiowa.com,checked,200,2026-08-25,9,yes,0,
jdsports.co.nz,checked,200,2026-08-25,9,yes,0,
arzopa.com,checked,200,2026-08-25,9,yes,0,
thesill.com,checked,200,2026-08-25,9,yes,0,
thegoldensecrets.com,checked,200,2026-08-25,9,yes,0,
princessace.com,checked,200,2026-08-25,8,yes,0,
candyonline.nl,checked,200,2026-08-25,9,yes,0,
astridandmiyu.com,checked,200,2026-08-25,9,yes,0,
mellowsleep.com,checked,200,2026-08-25,8,yes,0,
augustafurnitureoutlet.com,checked,200,2026-08-25,9,yes,0,
facethefuture.co.uk,checked,200,2026-08-25,8,yes,0,
slamjam.com,checked,200,2026-08-25,9,yes,0,
numiscorner.com,checked,200,2026-08-25,9,yes,0,
brixton.com,checked,200,2026-08-25,8,yes,0,
aldimobile.com.au,checked,200,2026-08-25,8,yes,0,
ehobbyasia.com,checked,200,2026-08-25,8,yes,0,
happymammoth.com,checked,200,2026-08-25,9,yes,0,
mylampdepot.com,checked,200,2026-08-25,9,yes,0,
apm.mc,checked,200,2026-08-25,9,yes,0,
positivegrid.com,checked,200,2026-08-25,9,yes,0,
dogfriendlyco.com,checked,200,2026-08-25,9,yes,0,
avocadogreenmattress.com,checked,200,2026-08-25,8,yes,0,
naturehills.com,checked,200,2026-08-25,9,yes,0,
gravastar.com,checked,200,2026-08-25,9,yes,0,
eckersleys.com.au,checked,200,2026-08-25,9,yes,0,
polycade.com,checked,200,2026-08-25,9,yes,0,
innovasia.com,checked,200,2026-08-25,8,yes,0,
astleyclarke.com,checked,200,2026-08-25,9,yes,0,
beautyhouse.com,checked,200,2026-08-25,8,yes,0,
oglmove.com,checked,200,2026-08-25,8,yes,0,
herbspro.com,checked,200,2026-08-25,9,yes,0,
retro-stage.com,checked,200,2026-08-25,8,yes,0,
fabricdepot.com,checked,200,2026-08-25,9,yes,0,
simonsaysstamp.com,checked,200,2026-08-25,9,yes,0,
lampsusa.com,checked,200,2026-08-25,8,yes,0,
rammount.com,checked,200,2026-08-25,8,yes,0,
equinavia.com,checked,200,2026-08-25,9,yes,0,
magnaflow.com,checked,200,2026-08-25,9,yes,0,
gormanshop.com.au,checked,200,2026-08-25,9,yes,0,
anthbot.com,checked,200,2026-08-25,9,yes,0,
godzilla.com,checked,200,2026-08-25,9,yes,0,
stance.com,checked,200,2026-08-25,9,yes,0,
spellbinders.com,checked,200,2026-08-25,9,yes,0,
rivyo.com,checked,200,2026-08-25,8,yes,0,
anubisgamehobby.com,checked,200,2026-08-25,9,yes,0,
grillpartsreplacement.com,checked,200,2026-08-25,9,yes,0,
tiso.com,checked,200,2026-08-25,8,yes,0,
blackswampgames.com,checked,200,2026-08-25,8,yes,0,
iliabeauty.com,checked,200,2026-08-25,8,yes,0,
drsquatch.com,checked,200,2026-08-25,8,yes,0,
clubpiscine.ca,checked,200,2026-08-25,9,yes,0,
harfington.com,checked,200,2026-08-25,8,yes,0,
yakima.com,checked,200,2026-08-25,9,yes,0,
themagnifico.net,checked,200,2026-08-25,8,yes,0,
volero.nl,checked,200,2026-08-25,8,yes,0,
marinelayer.com,checked,200,2026-08-25,8,yes,0,
perryellis.com,checked,200,2026-08-25,9,yes,0,
simone-perele.com,checked,200,2026-08-25,9,yes,0,
campmor.com,checked,200,2026-08-25,9,yes,0,
vitalityextracts.com,checked,200,2026-08-25,9,yes,0,
protym.pl,checked,200,2026-08-25,9,yes,0,
gobik.com,checked,200,2026-08-25,9,yes,0,
kennethcole.com,checked,200,2026-08-25,8,yes,0,
insaraf.com,checked,200,2026-08-25,8,yes,0,
quadlockcase.eu,checked,200,2026-08-25,8,yes,0,
iam8bit.com,checked,200,2026-08-25,9,yes,0,
biggreenegg.com,checked,200,2026-08-25,8,yes,0,
cbrands.com,checked,200,2026-08-25,8,yes,0,
jolect.com,checked,200,2026-08-25,9,yes,0,
khadims.com,checked,200,2026-08-25,8,yes,0,
linticoshop.com,checked,200,2026-08-25,9,yes,0,
bibsworld.com,checked,200,2026-08-25,9,yes,0,
furniturecity.com,checked,200,2026-08-25,9,yes,0,
mavigadget.com,checked,200,2026-08-25,9,yes,0,
ajshomefurniture.com,checked,200,2026-08-25,9,yes,0,
berghaus.com,checked,200,2026-08-25,8,yes,0,
harney.com,checked,200,2026-08-25,8,yes,0,
260samplesale.com,checked,200,2026-08-25,8,yes,0,
idwpublishing.com,checked,200,2026-08-25,8,yes,0,
primeprometics.com,checked,200,2026-08-25,8,yes,0,
lovisajewellery.eu,checked,200,2026-08-25,9,yes,0,
litfarms.com,checked,200,2026-08-25,8,yes,0,
ihealthlabs.com,checked,200,2026-08-25,8,yes,0,
comfortwiz.com,checked,200,2026-08-25,8,yes,0,
ripcurl.com,checked,200,2026-08-25,8,yes,0,
tatteredcover.com,checked,200,2026-08-25,8,yes,0,
flowfold.com,checked,200,2026-08-25,9,yes,0,
compumarts.com,checked,200,2026-08-25,8,yes,0,
upway.de,checked,200,2026-08-25,9,yes,0,
nativecos.com,checked,200,2026-08-25,9,yes,0,
shapellx.com,checked,200,2026-08-25,8,yes,0,
dimito.com,checked,200,2026-08-25,8,yes,0,
klimaworld.com,checked,200,2026-08-25,9,yes,0,
mkpbr.com,checked,200,2026-08-25,9,yes,0,
ilovedooney.com,checked,200,2026-08-25,8,yes,0,
barbaradever.com,checked,200,2026-08-25,9,yes,0,
sandys-furniture.com,checked,200,2026-08-25,8,yes,0,
outlet-pc.es,checked,200,2026-08-25,9,yes,0,
skytrakgolf.com,checked,200,2026-08-25,8,yes,0,
brastop.com,checked,200,2026-08-25,9,yes,0,
adriannapapell.com,checked,200,2026-08-25,8,yes,0,
springstepshoes.com,checked,200,2026-08-25,9,yes,0,
hsiaoya.com,checked,200,2026-08-25,8,yes,0,
danireon.com,checked,200,2026-08-25,9,yes,0,
lacemade.com,checked,200,2026-08-25,8,yes,0,
modusfurniture.com,checked,200,2026-08-25,9,yes,0,
recollectibles.de,checked,200,2026-08-25,9,yes,0,
houseoffurniture.net,checked,200,2026-08-25,9,yes,0,
case-mate.com,checked,200,2026-08-25,9,yes,0,
kineticasports.com,checked,200,2026-08-25,8,yes,0,
incrediblerugsanddecor.com,checked,200,2026-08-25,8,yes,0,
tileredi.com,checked,200,2026-08-25,8,yes,0,
venum.com,checked,200,2026-08-25,8,yes,0,
willemsefrance.fr,checked,200,2026-08-25,8,yes,0,
shopdoen.com,checked,200,2026-08-25,8,yes,0,
ordernation.com,checked,200,2026-08-25,9,yes,0,
kidrobot.com,checked,200,2026-08-25,8,yes,0,
lagreentouch.com,checked,200,2026-08-25,8,yes,0,
first4figures.com,checked,200,2026-08-25,9,yes,0,
vittoria.com,checked,200,2026-08-25,8,yes,0,
refoss.net,checked,200,2026-08-25,9,yes,0,
pxg.com,checked,200,2026-08-25,9,yes,0,
omaze.de,checked,200,2026-08-25,8,yes,0,
dangerfield.com.au,checked,200,2026-08-25,8,yes,0,
pinkgellac.com,checked,200,2026-08-25,9,yes,0,
sitandsleep4less.com,checked,200,2026-08-25,9,yes,0,
knix.ca,checked,200,2026-08-25,9,yes,0,
meusracing.com,checked,200,2026-08-25,8,yes,0,
thelotusfab.in,checked,200,2026-08-25,8,yes,0,
dragonhawktattoos.com,checked,200,2026-08-25,8,yes,0,
bostonscally.com,checked,200,2026-08-25,8,yes,0,
overkillshop.com,checked,200,2026-08-25,9,yes,0,
thrivin.com,checked,200,2026-08-25,9,yes,0,
nude-project.com,checked,200,2026-08-25,8,yes,0,
gerbergear.com,checked,200,2026-08-25,9,yes,0,
amouage.com,checked,200,2026-08-25,9,yes,0,
revell.com,checked,200,2026-08-25,9,yes,0,
rzcrewgarage.com,checked,200,2026-08-25,9,yes,0,
flowerknows.co,checked,200,2026-08-25,9,yes,0,
swordslife.com,checked,200,2026-08-25,9,yes,0,
tootimid.com,checked,200,2026-08-25,9,yes,0,
sneakersoutfit.com,checked,200,2026-08-25,9,yes,0,
dekbed-discounter.nl,checked,200,2026-08-25,8,yes,0,
thirdmanrecords.com,checked,200,2026-08-25,9,yes,0,
lucchese.com,checked,200,2026-08-25,9,yes,0,
unihertz.com,checked,200,2026-08-25,8,yes,0,
capellisport.com,checked,200,2026-08-25,8,yes,0,
kent.co.in,checked,200,2026-08-25,9,yes,0,
medik8.com,checked,200,2026-08-25,8,yes,0,
soccerpost.com,checked,200,2026-08-25,9,yes,0,
carpuride.com,checked,200,2026-08-25,9,yes,0,
feel22.com,checked,200,2026-08-25,8,yes,0,
smosh.com,checked,200,2026-08-25,8,yes,0,
lilabeauty.com.au,checked,200,2026-08-25,9,yes,0,
tommyjohn.com,checked,200,2026-08-25,9,yes,0,
farmaciasdirect.es,checked,200,2026-08-25,8,yes,0,
harpercollins.com.au,checked,200,2026-08-25,9,yes,0,
mathon.fr,checked,200,2026-08-25,8,yes,0,
poppyandpeonies.com,checked,200,2026-08-25,8,yes,0,
oldnewhouse.com,checked,200,2026-08-25,9,yes,0,
yolanda.hk,checked,200,2026-08-25,8,yes,0,
promgirl.com,checked,200,2026-08-25,9,yes,0,
nutrimuscle.com,checked,200,2026-08-25,8,yes,0,
singer.com,checked,200,2026-08-25,9,yes,0,
forevernew.co.za,checked,200,2026-08-25,8,yes,0,
amiparis.com,checked,200,2026-08-25,9,yes,0,
cbdmd.com,checked,200,2026-08-25,8,yes,0,
viacondotti.store,checked,200,2026-08-25,8,yes,0,
ankerkraut.de,checked,200,2026-08-25,9,yes,0,
netflix.shop,checked,200,2026-08-25,8,yes,0,
kamerastore.com,checked,200,2026-08-25,8,yes,0,
petiteknit.com,checked,200,2026-08-25,8,yes,0,
wayupsports.com,checked,200,2026-08-25,8,yes,0,
chubbiesshorts.com,checked,200,2026-08-25,9,yes,0,
ctomsinc.com,checked,200,2026-08-25,9,yes,0,
berlook.com,checked,200,2026-08-25,8,yes,0,
emmafy.com,checked,200,2026-08-25,8,yes,0,
onenessboutique.com,checked,200,2026-08-25,9,yes,0,
usagundamstore.com,checked,200,2026-08-25,8,yes,0,
choosemuse.com,checked,200,2026-08-25,8,yes,0,
screenzen.co,checked,200,2026-08-25,8,yes,0,
bestswimwear.com,checked,200,2026-08-25,8,yes,0,
manieredevoir.com,checked,200,2026-08-25,8,yes,0,
vinegarsyndrome.com,checked,200,2026-08-25,9,yes,0,
knix.com,checked,200,2026-08-25,9,yes,0,
matadorrecords.com,checked,200,2026-08-25,9,yes,0,
lamy.com,checked,200,2026-08-25,9,yes,0,
revicedenim.com,checked,200,2026-08-25,9,yes,0,
coffeebean.com,checked,200,2026-08-25,9,yes,0,
silksilky.com,checked,200,2026-08-25,9,yes,0,
selsey.pl,checked,200,2026-08-25,8,yes,0,
asossamplesale.com,checked,200,2026-08-25,8,yes,0,
losangelesapparel.net,checked,200,2026-08-25,9,yes,0,
askforthewolfman.com,checked,200,2026-08-25,8,yes,0,
farfalla.ch,checked,200,2026-08-25,9,yes,0,
montecarlo.in,checked,200,2026-08-25,8,yes,0,
agradi.nl,checked,200,2026-08-25,9,yes,0,
flavorgod.com,checked,200,2026-08-25,9,yes,0,
thehoffbrand.com,checked,200,2026-08-25,9,yes,0,
rvpartshop.com,checked,200,2026-08-25,8,yes,0,
furnitureandbeyond.com,checked,200,2026-08-25,9,yes,0,
phonecase.pk,checked,200,2026-08-25,9,yes,0,
statelinetack.com,checked,200,2026-08-25,8,yes,0,
sidalih.com,checked,200,2026-08-25,8,yes,0,
bwotx.com,checked,200,2026-08-25,9,yes,0,
frugalfurniture.net,checked,200,2026-08-25,8,yes,0,
kuludonline.com,checked,200,2026-08-25,8,yes,0,
beyondpolish.com,checked,200,2026-08-25,8,yes,0,
nomanwalksalone.com,checked,200,2026-08-25,9,yes,0,
drumsupply.com,checked,200,2026-08-25,9,yes,0,
brandsmartusa.com,checked,200,2026-08-25,8,yes,0,
browniespain.com,checked,200,2026-08-25,8,yes,0,
wearego.com,checked,200,2026-08-25,9,yes,0,
shopmoment.com,checked,200,2026-08-25,9,yes,0,
ahead-nutrition.com,checked,200,2026-08-25,9,yes,0,
vaporesso.com,checked,200,2026-08-25,8,yes,0,
kleineskraftwerk.de,checked,200,2026-08-25,9,yes,0,
zardocards.com,checked,200,2026-08-25,8,yes,0,
dinossi.com,checked,200,2026-08-25,9,yes,0,
morphe.com,checked,200,2026-08-25,9,yes,0,
teefury.com,checked,200,2026-08-25,8,yes,0,
elecboy.com.hk,checked,200,2026-08-25,8,yes,0,
solarhandel24.de,checked,200,2026-08-25,8,yes,0,
iogear.com,checked,200,2026-08-25,9,yes,0,
thefrankieshop.com,checked,200,2026-08-25,8,yes,0,
footkorner.com,checked,200,2026-08-25,9,yes,0,
waxcenter.com,checked,200,2026-08-25,8,yes,0,
rideaux-deco.fr,checked,200,2026-08-25,9,yes,0,
jowissa.com,checked,200,2026-08-25,8,yes,0,
bigsonline.com,checked,200,2026-08-25,8,yes,0,
sweetmarias.com,checked,200,2026-08-25,8,yes,0,
laperla.com,checked,200,2026-08-25,9,yes,0,
luger.gg,checked,200,2026-08-25,8,yes,0,
dagi.com.tr,checked,200,2026-08-25,9,yes,0,
lorex.com,checked,200,2026-08-25,9,yes,0,
couturecandy.com,checked,200,2026-08-25,9,yes,0,
juicycouture.com,checked,200,2026-08-25,9,yes,0,
maniko-nails.de,checked,200,2026-08-25,8,yes,0,
cokodive.com,checked,200,2026-08-25,9,yes,0,
ebonyline.com,checked,200,2026-08-25,8,yes,0,
canalesfurniture.com,checked,200,2026-08-25,8,yes,0,
staud.clothing,checked,200,2026-08-25,9,yes,0,
eclectic79furniturestore.com,checked,200,2026-08-25,8,yes,0,
sandandfoghome.com,checked,200,2026-08-25,9,yes,0,
bills-exhausts.us,checked,200,2026-08-25,9,yes,0,
gregmoto.com,checked,200,2026-08-25,9,yes,0,
lehmans.com,checked,200,2026-08-25,9,yes,0,
bohme.com,checked,200,2026-08-25,9,yes,0,
ministryofscent.com,checked,200,2026-08-25,8,yes,0,
schickemuetze.de,checked,200,2026-08-25,8,yes,0,
kigili.com,checked,200,2026-08-25,9,yes,0,
mybinding.com,checked,200,2026-08-25,9,yes,0,
trainz.com,checked,200,2026-08-25,8,yes,0,
toddsnyder.com,checked,200,2026-08-25,8,yes,0,
wholesalesuppliesplus.com,checked,200,2026-08-25,8,yes,0,
fieldandmoor.co.uk,checked,200,2026-08-25,8,yes,0,
500level.com,checked,200,2026-08-25,9,yes,0,
hunterfan.com,checked,200,2026-08-25,8,yes,0,
thinktankphoto.com,checked,200,2026-08-25,8,yes,0,
revolutionbeauty.com,checked,200,2026-08-25,9,yes,0,
motherdenim.com,checked,200,2026-08-25,9,yes,0,
totalplay.ca,checked,200,2026-08-25,9,yes,0,
bebe.com,checked,200,2026-08-25,9,yes,0,
nhc.com,checked,200,2026-08-25,8,yes,0,
dencodiesel.com,checked,200,2026-08-25,9,yes,0,
yokumoku.co.jp,checked,200,2026-08-25,8,yes,0,
vedix.com,checked,200,2026-08-25,8,yes,0,
prohockeylife.com,checked,200,2026-08-25,8,yes,0,
imperialfurniturelasvegas.com,checked,200,2026-08-25,8,yes,0,
skolageret.dk,checked,200,2026-08-25,9,yes,0,
evolutionofsmooth.com,checked,200,2026-08-25,8,yes,0,
giri.in,checked,200,2026-08-25,9,yes,0,
metaflow.de,checked,200,2026-08-25,8,yes,0,
bellescombines.com,checked,200,2026-08-25,8,yes,0,
zildjian.com,checked,200,2026-08-25,9,yes,0,
opticabassol.com,checked,200,2026-08-25,8,yes,0,
alexanderwang.com,checked,200,2026-08-25,9,yes,0,
nordblanc.com,checked,200,2026-08-25,8,yes,0,
getmysa.com,checked,200,2026-08-25,8,yes,0,
northsails.com,checked,200,2026-08-25,9,yes,0,
intersport.ch,checked,200,2026-08-25,8,yes,0,
oscardelarenta.com,checked,200,2026-08-25,9,yes,0,
lumioshine.com,checked,200,2026-08-25,9,yes,0,
amaliajewelry.com,checked,200,2026-08-25,8,yes,0,
tupperware-eu.com,checked,200,2026-08-25,9,yes,0,
100percentpure.com,checked,200,2026-08-25,8,yes,0,
cherrykitten.com,checked,200,2026-08-25,8,yes,0,
mrsdoylesteashop.com,checked,200,2026-08-25,9,yes,0,
vital-side.com,checked,200,2026-08-25,9,yes,0,
quay.com,checked,200,2026-08-25,9,yes,0,
denalielectronics.com,checked,200,2026-08-25,8,yes,0,
mymagnoliahouse.com,checked,200,2026-08-25,8,yes,0,
felco.com,checked,200,2026-08-25,9,yes,0,
based.com,checked,200,2026-08-25,9,yes,0,
vxe.com,checked,200,2026-08-25,9,yes,0,
despetitshauts.com,checked,200,2026-08-25,8,yes,0,
wearebraindead.com,checked,200,2026-08-25,8,yes,0,
twelvesouth.com,checked,200,2026-08-25,9,yes,0,
betta.com.au,checked,200,2026-08-25,8,yes,0,
glenindia.com,checked,200,2026-08-25,8,yes,0,
b-three.jp,checked,200,2026-08-25,9,yes,0,
whiteflowerfarm.com,checked,200,2026-08-25,8,yes,0,
vnhnaiduhall.com,checked,200,2026-08-25,8,yes,0,
bjjfanatics.com,checked,200,2026-08-25,8,yes,0,
thehappybed.com,checked,200,2026-08-25,9,yes,0,
dharmatrading.com,checked,200,2026-08-25,8,yes,0,
crossword.in,checked,200,2026-08-25,9,yes,0,
fuselenses.com,checked,200,2026-08-25,8,yes,0,
divani.store,checked,200,2026-08-25,9,yes,0,
getdigital.de,checked,200,2026-08-25,9,yes,0,
himalayawellness.in,checked,200,2026-08-25,8,yes,0,
harrypottershop.com,checked,200,2026-08-25,9,yes,0,
travismathew.com,checked,200,2026-08-25,9,yes,0,
microminimus.com,checked,200,2026-08-25,9,yes,0,
piercefurnituregallery.com,checked,200,2026-08-25,9,yes,0,
india1948.com,checked,200,2026-08-25,9,yes,0,
disfrazzes.com,checked,200,2026-08-25,8,yes,0,
pickyou.co.jp,checked,200,2026-08-25,9,yes,0,
did.ie,checked,200,2026-08-25,8,yes,0,
insteon.com,checked,200,2026-08-25,9,yes,0,
teds.com.au,checked,200,2026-08-25,8,yes,0,
trueleafmarket.com,checked,200,2026-08-25,9,yes,0,
machines.com.my,checked,200,2026-08-25,8,yes,0,
cocoayachtclub.com,checked,200,2026-08-25,8,yes,0,
hobbyco.com.au,checked,200,2026-08-25,9,yes,0,
jlab.com,checked,200,2026-08-25,9,yes,0,
disturbia.nl,checked,200,2026-08-25,8,yes,0,
beauteprivee.fr,checked,200,2026-08-25,9,yes,0,
roxy.com,checked,200,2026-08-25,8,yes,0,
fayettevillefurnituregallery.com,checked,200,2026-08-25,9,yes,0,
gerryanderson.com,checked,200,2026-08-25,9,yes,0,
flaviar.com,checked,200,2026-08-25,8,yes,0,
renpho.com,checked,200,2026-08-25,9,yes,0,
villagehatshop.com,checked,200,2026-08-25,9,yes,0,
josephjoseph.com,checked,200,2026-08-25,8,yes,0,
bubbleroom.se,checked,200,2026-08-25,9,yes,0,
zebronics.com,checked,200,2026-08-25,8,yes,0,
tabernaclegames.com.au,checked,200,2026-08-25,9,yes,0,
finerfilters.co.uk,checked,200,2026-08-25,9,yes,0,
timbuk2.com,checked,200,2026-08-25,8,yes,0,
workauthority.ca,checked,200,2026-08-25,8,yes,0,
mechmaxx.com,checked,200,2026-08-25,8,yes,0,
trxtraining.com,checked,200,2026-08-25,9,yes,0,
projectxparis.com,checked,200,2026-08-25,9,yes,0,
forteseries.com,checked,200,2026-08-25,8,yes,0,
intakebreathing.com,checked,200,2026-08-25,8,yes,0,
curvlife.com,checked,200,2026-08-25,8,yes,0,
faberindia.com,checked,200,2026-08-25,9,yes,0,
trustz.app,checked,200,2026-08-25,8,yes,0,
bobbyfurniture.com,checked,200,2026-08-25,8,yes,0,
clove.co.uk,checked,200,2026-08-25,8,yes,0,
instantpot.com,checked,200,2026-08-25,8,yes,0,
shopcsb.com,checked,200,2026-08-25,9,yes,0,
bcbg.com,checked,200,2026-08-25,9,yes,0,
tobiidynavox.com,checked,200,2026-08-25,8,yes,0,
borbonese.com,checked,200,2026-08-25,8,yes,0,
yarn.com,checked,200,2026-08-25,8,yes,0,
mondayswimwear.com,checked,200,2026-08-25,9,yes,0,
lolablankets.com,checked,200,2026-08-25,8,yes,0,
psaudio.com,checked,200,2026-08-25,8,yes,0,
aquariumcoop.com,checked,200,2026-08-25,9,yes,0,
sermilitar.store,checked,200,2026-08-25,9,yes,0,
blissy.com,checked,200,2026-08-25,9,yes,0,
megafurniture.sg,checked,200,2026-08-25,9,yes,0,
misbahwp.com,checked,200,2026-08-25,9,yes,0,
raptorracing.ca,checked,200,2026-08-25,8,yes,0,
liquiddeath.com,checked,200,2026-08-25,9,yes,0,
kaeltebringer.de,checked,200,2026-08-25,8,yes,0,
lensalter.com,checked,200,2026-08-25,8,yes,0,
bushnell.com,checked,200,2026-08-25,8,yes,0,
carreraworld.com,checked,200,2026-08-25,9,yes,0,
muc-off.com,checked,200,2026-08-25,9,yes,0,
nhrscience.com,checked,200,2026-08-25,9,yes,0,
oliverpeoples.com,checked,200,2026-08-25,8,yes,0,
thankyoumart.jp,checked,200,2026-08-25,8,yes,0,
ironpandafit.com,checked,200,2026-08-25,9,yes,0,
motherswork.com.sg,checked,200,2026-08-25,8,yes,0,
mooiehome.com,checked,200,2026-08-25,8,yes,0,
thermomix.com,checked,200,2026-08-25,8,yes,0,
janeausten.co.uk,checked,200,2026-08-25,9,yes,0,
bedbathandbeyond.co.nz,checked,200,2026-08-25,9,yes,0,
nativeshoes.com,checked,200,2026-08-25,8,yes,0,
robeysportswear.com,checked,200,2026-08-25,9,yes,0,
hourglasscosmetics.com,checked,200,2026-08-25,8,yes,0,
kiichin.com,checked,200,2026-08-25,8,yes,0,
hu-ha.com,checked,200,2026-08-25,8,yes,0,
babysharksclub.com,checked,200,2026-08-25,9,yes,0,
seadwelling.com,checked,200,2026-08-25,9,yes,0,
melissas.com,checked,200,2026-08-25,9,yes,0,
snagtights.com,checked,200,2026-08-25,8,yes,0,
holotaco.com,checked,200,2026-08-25,8,yes,0,
kathmandu.co.nz,checked,200,2026-08-25,9,yes,0,
nassaunationalcable.com,checked,200,2026-08-25,9,yes,0,
chefs-edge.com.au,checked,200,2026-08-25,8,yes,0,
hitstergame.com,checked,200,2026-08-25,8,yes,0,
onlinecarpets.co.uk,checked,200,2026-08-25,9,yes,0,
buybestgear.com,checked,200,2026-08-25,8,yes,0,
blnts.com,checked,200,2026-08-25,8,yes,0,
joby.com,checked,200,2026-08-25,8,yes,0,
pgs.ne.jp,checked,200,2026-08-25,9,yes,0,
stumptowncoffee.com,checked,200,2026-08-25,9,yes,0,
sourcebmx.com,checked,200,2026-08-25,9,yes,0,
artemlegrand.com,checked,200,2026-08-25,9,yes,0,
discord.store,checked,200,2026-08-25,8,yes,0,
australian-bodycare.com,checked,200,2026-08-25,8,yes,0,
cheapsleep.net,checked,200,2026-08-25,8,yes,0,
gadgetwear.co.uk,checked,200,2026-08-25,8,yes,0,
blundstone.ca,checked,200,2026-08-25,8,yes,0,
koss.com,checked,200,2026-08-25,8,yes,0,
kurufootwear.com,checked,200,2026-08-25,8,yes,0,
tiendasishop.com,checked,200,2026-08-25,9,yes,0,
zeespares.in,checked,200,2026-08-25,9,yes,0,
benu.hu,checked,200,2026-08-25,9,yes,0,
80stees.com,checked,200,2026-08-25,9,yes,0,
ricidress.com,checked,200,2026-08-25,8,yes,0,
cretathemes.com,checked,200,2026-08-25,8,yes,0,
bazaar-bazaar.com,checked,200,2026-08-25,8,yes,0,
passagedudesir.com,checked,200,2026-08-25,8,yes,0,
inestasy.it,checked,200,2026-08-25,8,yes,0,
davidstea.com,checked,200,2026-08-25,8,yes,0,
merchnow.com,checked,200,2026-08-25,9,yes,0,
ilovespeelgoed.nl,checked,200,2026-08-25,9,yes,0,
4murs.com,checked,200,2026-08-25,8,yes,0,
calpaktravel.com,checked,200,2026-08-25,8,yes,0,
42lolita.com,checked,200,2026-08-25,8,yes,0,
anseladams.com,checked,200,2026-08-25,9,yes,0,
wonderskin.com,checked,200,2026-08-25,9,yes,0,
olfactoryfactoryllc.com,checked,200,2026-08-25,9,yes,0,
luxuryhomefurniture.net,checked,200,2026-08-25,9,yes,0,
katebackdrop.com,checked,200,2026-08-25,9,yes,0,
velotricbike.com,checked,200,2026-08-25,9,yes,0,
f1authentics.com,checked,200,2026-08-25,8,yes,0,
breyerhorses.com,checked,200,2026-08-25,8,yes,0,
travelpro.com,checked,200,2026-08-25,9,yes,0,
prioritybicycles.com,checked,200,2026-08-25,9,yes,0,
hindbag.fr,checked,200,2026-08-25,9,yes,0,
songmontofficial.com,checked,200,2026-08-25,9,yes,0,
vivaia.jp,checked,200,2026-08-25,8,yes,0,
zipperstop.com,checked,200,2026-08-25,8,yes,0,
shopwecro.com,checked,200,2026-08-25,8,yes,0,
paulmitchell.com,checked,200,2026-08-25,8,yes,0,
naturaselection.com,checked,200,2026-08-25,8,yes,0,
neweracap.co.uk,checked,200,2026-08-25,9,yes,0,
dutchgrown.pl,checked,200,2026-08-25,9,yes,0,
mcphee.com,checked,200,2026-08-25,9,yes,0,
diyfixtool.com,checked,200,2026-08-25,8,yes,0,
tshirthell.com,checked,200,2026-08-25,9,yes,0,
reef.eu,checked,200,2026-08-25,9,yes,0,
chinahobbyline.com,checked,200,2026-08-25,8,yes,0,
thomsoncarter.com,checked,200,2026-08-25,8,yes,0,
rhoback.com,checked,200,2026-08-25,8,yes,0,
bluesound.com,checked,200,2026-08-25,9,yes,0,
vitalhealthglobal.com,checked,200,2026-08-25,8,yes,0,
jdsports.my,checked,200,2026-08-25,8,yes,0,
ladylohas.com,checked,200,2026-08-25,9,yes,0,
gearfrost.com,checked,200,2026-08-25,9,yes,0,
govalos.com,checked,200,2026-08-25,9,yes,0,
wellnessapothecary.au,checked,200,2026-08-25,8,yes,0,
sallve.com.br,checked,200,2026-08-25,9,yes,0,
pantene.com,checked,200,2026-08-25,9,yes,0,
furnitureandmattressforless.com,checked,200,2026-08-25,9,yes,0,
smaphocase.com,checked,200,2026-08-25,8,yes,0,
unique-song.com,checked,200,2026-08-25,8,yes,0,
glampresents.com,checked,200,2026-08-25,8,yes,0,
theblacktux.com,checked,200,2026-08-25,8,yes,0,
ctek.com,checked,200,2026-08-25,8,yes,0,
shopflavcity.com,checked,200,2026-08-25,8,yes,0,
tonipons.com,checked,200,2026-08-25,8,yes,0,
boxraw.com,checked,200,2026-08-25,8,yes,0,
viamaja.dk,checked,200,2026-08-25,8,yes,0,
fullhousefurnituregallery.com,checked,200,2026-08-25,9,yes,0,
lieblingsgarn.de,checked,200,2026-08-25,8,yes,0,
daals.co.uk,checked,200,2026-08-25,8,yes,0,
tyresnmore.com,checked,200,2026-08-25,8,yes,0,
villoid.no,checked,200,2026-08-25,8,yes,0,
steady-hands.com,checked,200,2026-08-25,8,yes,0,
banyanbotanicals.com,checked,200,2026-08-25,9,yes,0,
mewmews.com,checked,200,2026-08-25,8,yes,0,
evenflo.com,checked,200,2026-08-25,9,yes,0,
giuseppezanotti.com,checked,200,2026-08-25,8,yes,0,
darcsport.com,checked,200,2026-08-25,9,yes,0,
cuyana.com,checked,200,2026-08-25,9,yes,0,
canapuff.com,checked,200,2026-08-25,9,yes,0,
allheart.com,checked,200,2026-08-25,9,yes,0,
yamajitsu.co.jp,checked,200,2026-08-25,8,yes,0,
mooinzen.de,checked,200,2026-08-25,8,yes,0,
starforgesystems.com,checked,200,2026-08-25,9,yes,0,
sugarshape.de,checked,200,2026-08-25,8,yes,0,
simplysupplements.co.uk,checked,200,2026-08-25,9,yes,0,
frenchbeautyhub.com,checked,200,2026-08-25,8,yes,0,
drakes.com,checked,200,2026-08-25,8,yes,0,
montanaknifecompany.com,checked,200,2026-08-25,9,yes,0,
lamptwist.com,checked,200,2026-08-25,8,yes,0,
bloompharmacy.com,checked,200,2026-08-25,9,yes,0,
mbz.in,checked,200,2026-08-25,9,yes,0,
takomogolf.com,checked,200,2026-08-25,8,yes,0,
petalandpup.com.au,checked,200,2026-08-25,9,yes,0,
herschel.com,checked,200,2026-08-25,9,yes,0,
westinghouse.com,checked,200,2026-08-25,9,yes,0,
dorado.com,checked,200,2026-08-25,9,yes,0,
yeoreo.com,checked,200,2026-08-25,8,yes,0,
hyggecave.com,checked,200,2026-08-25,9,yes,0,
pinkcherry.ca,checked,200,2026-08-25,8,yes,0,
roamic.com,checked,200,2026-08-25,9,yes,0,
kitchenkapers.com,checked,200,2026-08-25,8,yes,0,
americanautowire.com,checked,200,2026-08-25,9,yes,0,
pura.com,checked,200,2026-08-25,8,yes,0,
joseluisjoyerias.com,checked,200,2026-08-25,8,yes,0,
magicatwillis.co.nz,checked,200,2026-08-25,9,yes,0,
earlysettler.com.au,checked,200,2026-08-25,9,yes,0,
theministryofmagic.com,checked,200,2026-08-25,9,yes,0,
americantall.com,checked,200,2026-08-25,9,yes,0,
plushshop.com,checked,200,2026-08-25,9,yes,0,
premiumfurnitureca.com,checked,200,2026-08-25,9,yes,0,
suntransmissions.com,checked,200,2026-08-25,9,yes,0,
kaftanize.com,checked,200,2026-08-25,9,yes,0,
speedyrc.com.au,checked,200,2026-08-25,9,yes,0,
maxesport.gg,checked,200,2026-08-25,8,yes,0,
wildwestbootstore.com,checked,200,2026-08-25,9,yes,0,
wellversed.in,checked,200,2026-08-25,9,yes,0,
naturespath.com,checked,200,2026-08-25,8,yes,0,
ruffwear.com,checked,200,2026-08-25,8,yes,0,
ripcurl.eu,checked,200,2026-08-25,8,yes,0,
designerrugs.com.au,checked,200,2026-08-25,9,yes,0,
zaqq.de,checked,200,2026-08-25,8,yes,0,
saltandstraw.com,checked,200,2026-08-25,8,yes,0,
groundies.com,checked,200,2026-08-25,8,yes,0,
4ocean.com,checked,200,2026-08-25,9,yes,0,
melanielyne.com,checked,200,2026-08-25,8,yes,0,
cvlinens.com,checked,200,2026-08-25,8,yes,0,
eraldo.com,checked,200,2026-08-25,9,yes,0,
toynk.com,checked,200,2026-08-25,8,yes,0,
tramontina.com,checked,200,2026-08-25,8,yes,0,
fantasiasmiguel.com,checked,200,2026-08-25,9,yes,0,
furniturecitimi.com,checked,200,2026-08-25,8,yes,0,
yokkao.com,checked,200,2026-08-25,9,yes,0,
galaxycon.com,checked,200,2026-08-25,9,yes,0,
foudebassin.com,checked,200,2026-08-25,8,yes,0,
079.ch,checked,200,2026-08-25,8,yes,0,
rugaddiction.com.au,checked,200,2026-08-25,9,yes,0,
thebluespace.com.au,checked,200,2026-08-25,9,yes,0,
tiktrove.com,checked,200,2026-08-25,8,yes,0,
feature.com,checked,200,2026-08-25,9,yes,0,
toteme.com,checked,200,2026-08-25,8,yes,0,
tartanvibesclothing.com,checked,200,2026-08-25,8,yes,0,
bando.com,checked,200,2026-08-25,8,yes,0,
seatosummit.com,checked,200,2026-08-25,9,yes,0,
giunti.it,checked,200,2026-08-25,9,yes,0,
honeybirdette.com,checked,200,2026-08-25,9,yes,0,
fillingspaces.com,checked,200,2026-08-25,9,yes,0,
abkeys.com,checked,200,2026-08-25,9,yes,0,
republicoftea.com,checked,200,2026-08-25,9,yes,0,
swolverine.com,checked,200,2026-08-25,9,yes,0,
smokerguru.com,checked,200,2026-08-25,8,yes,0,
finisterre.com,checked,200,2026-08-25,8,yes,0,
fabricsight.com,checked,200,2026-08-25,9,yes,0,
montirex.com,checked,200,2026-08-25,8,yes,0,
magnoliabox.com,checked,200,2026-08-25,8,yes,0,
credobeauty.com,checked,200,2026-08-25,8,yes,0,
agoztech.com,checked,200,2026-08-25,9,yes,0,
magnoliabakery.com,checked,200,2026-08-25,9,yes,0,
paulfredrick.com,checked,200,2026-08-25,9,yes,0,
montreallighting.com,checked,200,2026-08-25,9,yes,0,
pastimesports.ca,checked,200,2026-08-25,8,yes,0,
miphai.com,checked,200,2026-08-25,9,yes,0,
enginediy.com,checked,200,2026-08-25,8,yes,0,
timekettle.co,checked,200,2026-08-25,8,yes,0,
asmc.de,checked,200,2026-08-25,8,yes,0,
girlboss.com,checked,200,2026-08-25,9,yes,0,
torecacamp-pokemon.com,checked,200,2026-08-25,8,yes,0,
supportmuraltv.fr,checked,200,2026-08-25,8,yes,0,
kingstonbrass.com,checked,200,2026-08-25,8,yes,0,
nakednutrition.com,checked,200,2026-08-25,9,yes,0,
mygemma.com,checked,200,2026-08-25,9,yes,0,
royalfurnitureandgift.com,checked,200,2026-08-25,9,yes,0,
subimods.com,checked,200,2026-08-25,9,yes,0,
wpradiant.net,checked,200,2026-08-25,9,yes,0,
gequbao.com,blocked,403,,,,,
gayathrisarees.com,checked,200,2026-08-25,9,yes,0,
lagreentouch.be,checked,200,2026-08-25,8,yes,0,
ani-mecha.com,checked,200,2026-08-25,9,yes,0,
revitsport.com,checked,200,2026-08-25,8,yes,0,
funeral.com,checked,200,2026-08-25,8,yes,0,
incycle.com,checked,200,2026-08-25,9,yes,0,
qcy.com,checked,200,2026-08-25,9,yes,0,
riyogems.com,checked,200,2026-08-25,9,yes,0,
laifentech.com,checked,200,2026-08-25,9,yes,0,
rforrabbit.com,checked,200,2026-08-25,9,yes,0,
joinem.co,checked,200,2026-08-25,8,yes,0,
kometsales.com,checked,200,2026-08-25,8,yes,0,
stirlingkit.com,checked,200,2026-08-25,9,yes,0,
gurneys.com,checked,200,2026-08-25,9,yes,0,
gasbijoux.com,checked,200,2026-08-25,8,yes,0,
elitehubs.com,checked,200,2026-08-25,9,yes,0,
qskinz.com,checked,200,2026-08-25,9,yes,0,
captharry.com,checked,200,2026-08-25,8,yes,0,
belfurniture.com,checked,200,2026-08-25,8,yes,0,
kikagoods.com,checked,200,2026-08-25,9,yes,0,
asitisnutrition.com,checked,200,2026-08-25,9,yes,0,
lelosi.sk,checked,200,2026-08-25,9,yes,0,
charak.com,checked,200,2026-08-25,9,yes,0,
stevemadden.co.za,checked,200,2026-08-25,9,yes,0,
beyondyoga.com,checked,200,2026-08-25,9,yes,0,
ff.md,checked,200,2026-08-25,9,yes,0,
pamelascott.com,checked,200,2026-08-25,9,yes,0,
omychic.com,checked,200,2026-08-25,8,yes,0,
twobrothersindiashop.com,checked,200,2026-08-25,9,yes,0,
lelosi.si,checked,200,2026-08-25,8,yes,0,
mysecretcase.com,checked,200,2026-08-25,8,yes,0,
getfussy.com,checked,200,2026-08-25,9,yes,0,
bellross.com,checked,200,2026-08-25,9,yes,0,
janan.com,checked,200,2026-08-25,9,yes,0,
onnit.com,checked,200,2026-08-25,8,yes,0,
binsaeedfabric.com,checked,200,2026-08-25,8,yes,0,
kimostore.net,checked,200,2026-08-25,9,yes,0,
deichbrise-jewelery.de,checked,200,2026-08-25,9,yes,0,
calzatureginevra.it,checked,200,2026-08-25,9,yes,0,
johnhardy.com,checked,200,2026-08-25,8,yes,0,
rollei.com,checked,200,2026-08-25,8,yes,0,
biossusa.com,checked,200,2026-08-25,8,yes,0,
wondermural.com,checked,200,2026-08-25,8,yes,0,
kidkraft.com,checked,200,2026-08-25,9,yes,0,
tondeesfurniture.com,checked,200,2026-08-25,8,yes,0,
thenewgme.com,checked,200,2026-08-25,8,yes,0,
wearejolies.com,checked,200,2026-08-25,9,yes,0,
disfragancias.com,checked,200,2026-08-25,8,yes,0,
aerosoles.com,checked,200,2026-08-25,9,yes,0,
arcos.com,checked,200,2026-08-25,9,yes,0,
lagence.com,checked,200,2026-08-25,8,yes,0,
birdygrey.com,checked,200,2026-08-25,9,yes,0,
miltons.com,checked,200,2026-08-25,9,yes,0,
773grp.com,checked,200,2026-08-25,9,yes,0,
fabheavyparts.com,checked,200,2026-08-25,8,yes,0,
polkadots.pk,checked,200,2026-08-25,8,yes,0,
havaianas.com,blocked,403,,,,,
jmclaughlin.com,checked,200,2026-08-25,9,yes,0,
bookgrocer.com,checked,200,2026-08-25,9,yes,0,
starfurniturebakersfield.com,checked,200,2026-08-25,9,yes,0,
eltamd.com,checked,200,2026-08-25,9,yes,0,
antonioli.eu,checked,200,2026-08-25,8,yes,0,
karl.com,checked,200,2026-08-25,8,yes,0,
carraigdonn.com,checked,200,2026-08-25,8,yes,0,
tech21.com,checked,200,2026-08-25,9,yes,0,
builddirect.com,checked,200,2026-08-25,9,yes,0,
shomiofficial.com,checked,200,2026-08-25,8,yes,0,
kayandecor.com,checked,200,2026-08-25,9,yes,0,
thesatanictemple.com,checked,200,2026-08-25,9,yes,0,
batterytender.com,checked,200,2026-08-25,8,yes,0,
konaworld.com,checked,200,2026-08-25,8,yes,0,
monos.com,checked,200,2026-08-25,8,yes,0,
character.com,checked,200,2026-08-25,8,yes,0,
ataoland.com,checked,200,2026-08-25,9,yes,0,
merchtable.com,checked,200,2026-08-25,9,yes,0,
chefiq.com,checked,200,2026-08-25,8,yes,0,
eco-worthy.com,checked,200,2026-08-25,9,yes,0,
alrugaibfurniture.com,checked,200,2026-08-25,9,yes,0,
brain-effect.com,checked,200,2026-08-25,9,yes,0,
watches.com,checked,200,2026-08-25,8,yes,0,
americanapipedream.com,checked,200,2026-08-25,8,yes,0,
apol.de,checked,200,2026-08-25,9,yes,0,
mesonart.com,checked,200,2026-08-25,8,yes,0,
makeymakey.com,checked,200,2026-08-25,9,yes,0,
theskinfit.com,checked,200,2026-08-25,8,yes,0,
beachcamera.com,checked,200,2026-08-25,9,yes,0,
dnfurnitureusa.com,checked,200,2026-08-25,9,yes,0,
candywarehouse.com,checked,200,2026-08-25,9,yes,0,
mac-center.com,checked,200,2026-08-25,9,yes,0,
chicagomusicexchange.com,checked,200,2026-08-25,8,yes,0,
most-wanted.com,checked,200,2026-08-25,9,yes,0,
vitalproteins.com,checked,200,2026-08-25,8,yes,0,
bitsandpieces.com,checked,200,2026-08-25,9,yes,0,
newtonbaby.com,checked,200,2026-08-25,8,yes,0,
minisplitsforless.com,checked,200,2026-08-25,8,yes,0,
horse.com,checked,200,2026-08-25,8,yes,0,
tipa.sk,checked,200,2026-08-25,8,yes,0,
roselandfurniture.com,checked,200,2026-08-25,8,yes,0,
kswiss.com,checked,200,2026-08-25,9,yes,0,
kabegamiyahonpo.com,checked,200,2026-08-25,8,yes,0,
amotopart.com,checked,200,2026-08-25,9,yes,0,
thefashionproject.gr,checked,200,2026-08-25,9,yes,0,
dunns.co.za,checked,200,2026-08-25,9,yes,0,
nitori.com.vn,checked,200,2026-08-25,8,yes,0,
xiaomistore.pt,checked,200,2026-08-25,9,yes,0,
babycool.com,checked,200,2026-08-25,9,yes,0,
hollandcooper.com,checked,200,2026-08-25,9,yes,0,
khazanay.pk,checked,200,2026-08-25,8,yes,0,
kkmart.pk,checked,200,2026-08-25,9,yes,0,
marnetic.com,checked,200,2026-08-25,9,yes,0,
hoverair.com,checked,200,2026-08-25,9,yes,0,
pharmazone.com,checked,200,2026-08-25,8,yes,0,
willistonhomefurniture.org,checked,200,2026-08-25,9,yes,0,
wcosmetics.com.au,checked,200,2026-08-25,9,yes,0,
ulike.com,checked,200,2026-08-25,9,yes,0,
fether.app,checked,200,2026-08-25,8,yes,0,
boardriders.co.jp,checked,200,2026-08-25,8,yes,0,
alwaysfit.net.br,checked,200,2026-08-25,9,yes,0,
fcb.ch,checked,200,2026-08-25,8,yes,0,
eye-oo.com,checked,200,2026-08-25,8,yes,0,
artdeco.de,checked,200,2026-08-25,8,yes,0,
navitel.cz,checked,200,2026-08-25,9,yes,0,
millies.ie,checked,200,2026-08-25,8,yes,0,
cardsandcoasters.com,checked,200,2026-08-25,9,yes,0,
carmoods.com,checked,200,2026-08-25,9,yes,0,
creamoutlet.ro,checked,200,2026-08-25,9,yes,0,
gopowerhungry.com,checked,200,2026-08-25,9,yes,0,
prettypennyclothing.com,checked,200,2026-08-25,8,yes,0,
freemantporter.com,checked,200,2026-08-25,8,yes,0,
thehonestkitchen.com,checked,200,2026-08-25,9,yes,0,
vakkerlight.com,checked,200,2026-08-25,8,yes,0,
88vape.com,checked,200,2026-08-25,8,yes,0,
bakerpublishinggroup.com,checked,200,2026-08-25,8,yes,0,
contessamoda.shop,checked,200,2026-08-25,9,yes,0,
2segypt.com,checked,200,2026-08-25,9,yes,0,
stevemadden.com.mx,checked,200,2026-08-25,8,yes,0,
fermliving.com,checked,200,2026-08-25,9,yes,0,
kickassproducts.com.au,checked,200,2026-08-25,8,yes,0,
samsungpartsusa.com,checked,200,2026-08-25,9,yes,0,
dansko.com,checked,200,2026-08-25,9,yes,0,
larkinthemorning.com,checked,200,2026-08-25,9,yes,0,
correct.nl,checked,200,2026-08-25,9,yes,0,
mcelhinneys.com,checked,200,2026-08-25,9,yes,0,
gloskinbeauty.com,checked,200,2026-08-25,9,yes,0,
tileoutlets.com,checked,200,2026-08-25,9,yes,0,
relaxofootwear.com,checked,200,2026-08-25,9,yes,0,
vktry.com,checked,200,2026-08-25,9,yes,0,
kitchencenter.cl,checked,200,2026-08-25,8,yes,0,
stagetour.com,checked,200,2026-08-25,8,yes,0,
maxxsave.com,checked,200,2026-08-25,8,yes,0,
headphones.com,checked,200,2026-08-25,9,yes,0,
blissdiamond.com,checked,200,2026-08-25,9,yes,0,
strathberry.com,checked,200,2026-08-25,9,yes,0,
superga.com,checked,200,2026-08-25,8,yes,0,
simone-perele.com.au,checked,200,2026-08-25,8,yes,0,
bike-mailorder.com,checked,200,2026-08-25,8,yes,0,
levainbakery.com,checked,200,2026-08-25,9,yes,0,
affordablefurnituretogo.com,checked,200,2026-08-25,9,yes,0,
dubarry.com,checked,200,2026-08-25,9,yes,0,
marinbikes.com,checked,200,2026-08-25,8,yes,0,
toycollectorsindia.com,checked,200,2026-08-25,8,yes,0,
santaeulalia.com,checked,200,2026-08-25,8,yes,0,
breadandbutterexpress.com,checked,200,2026-08-25,9,yes,0,
sciconsports.com,checked,200,2026-08-25,8,yes,0,
harrypottershop.co.uk,checked,200,2026-08-25,9,yes,0,
nomadgoods.com,checked,200,2026-08-25,9,yes,0,
sokoglam.com,checked,200,2026-08-25,8,yes,0,
makera.com,checked,200,2026-08-25,8,yes,0,
yozmasport.com,checked,200,2026-08-25,9,yes,0,
melvita.com,checked,200,2026-08-25,8,yes,0,
platinumhpsolutions.com,checked,200,2026-08-25,9,yes,0,
nureh.pk,checked,200,2026-08-25,8,yes,0,
marymaxim.com,checked,200,2026-08-25,9,yes,0,
self-portrait.com,checked,200,2026-08-25,9,yes,0,
ndonline.com,checked,200,2026-08-25,8,yes,0,
medcosupplies.com,checked,200,2026-08-25,9,yes,0,
sportsbasement.com,checked,200,2026-08-25,9,yes,0,
outbacktoys.com,checked,200,2026-08-25,8,yes,0,
secretlab.eu,checked,200,2026-08-25,8,yes,0,
heypocket.com,checked,200,2026-08-25,9,yes,0,
bylmo.com,checked,200,2026-08-25,8,yes,0,
vikingbags.com,checked,200,2026-08-25,8,yes,0,
vuzix.com,checked,200,2026-08-25,8,yes,0,
waterdrop.com,checked,200,2026-08-25,9,yes,0,
satechi.com,checked,200,2026-08-25,8,yes,0,
colorwowhair.com,checked,200,2026-08-25,8,yes,0,
davisnet.com,checked,200,2026-08-25,8,yes,0,
dorelan.com,checked,200,2026-08-25,9,yes,0,
xandres.com,checked,200,2026-08-25,8,yes,0,
nagano-market.jp,checked,200,2026-08-25,9,yes,0,
spccstore.com,checked,200,2026-08-25,9,yes,0,
propermusic.com,checked,200,2026-08-25,9,yes,0,
daniquejewelry.com,checked,200,2026-08-25,8,yes,0,
sportamore.com,checked,200,2026-08-25,8,yes,0,
affordablefurniturechicago.com,checked,200,2026-08-25,8,yes,0,
deinetorte.de,checked,200,2026-08-25,9,yes,0,
radioflyer.com,checked,200,2026-08-25,8,yes,0,
tendinsights.com,unreachable,,,,,,
umbra.com,checked,200,2026-08-25,9,yes,0,
huhandle.com,checked,200,2026-08-25,9,yes,0,
enjoytheriderecords.com,checked,200,2026-08-25,9,yes,0,
junkbrands.com,checked,200,2026-08-25,8,yes,0,
etniabarcelona.com,checked,200,2026-08-25,9,yes,0,
andplants.jp,checked,200,2026-08-25,9,yes,0,
nyrb.com,checked,200,2026-08-25,8,yes,0,
longislandwatch.com,checked,200,2026-08-25,8,yes,0,
levenger.com,checked,200,2026-08-25,9,yes,0,
sihoo.com,checked,200,2026-08-25,9,yes,0,
beadablebliss.com,checked,200,2026-08-25,8,yes,0,
expresshardwaredirect.com,checked,200,2026-08-25,9,yes,0,
lanius.com,checked,200,2026-08-25,9,yes,0,
tiendalafe.com,checked,200,2026-08-25,9,yes,0,
oldglory.com,checked,200,2026-08-25,8,yes,0,
melodymaison.co.uk,checked,200,2026-08-25,9,yes,0,
dominikq.com,checked,200,2026-08-25,8,yes,0,
gymglamour.com,checked,200,2026-08-25,9,yes,0,
townteam.com,checked,200,2026-08-25,8,yes,0,
botniaskincare.com,checked,200,2026-08-25,9,yes,0,
finalinspection.com.au,checked,200,2026-08-25,9,yes,0,
trubeehoney.com,checked,200,2026-08-25,8,yes,0,
supplementsource.ca,checked,200,2026-08-25,9,yes,0,
shopgap.com,checked,200,2026-08-25,8,yes,0,
cafeducycliste.com,checked,200,2026-08-25,9,yes,0,
elephantstock.com,checked,200,2026-08-25,8,yes,0,
nitori.com.ph,checked,200,2026-08-25,8,yes,0,
usshoppingsos.com,checked,200,2026-08-25,9,yes,0,
benchmarkabrasives.com,checked,200,2026-08-25,9,yes,0,
doctorarthritis.org,checked,200,2026-08-25,8,yes,0,
saturdayclub.com,checked,200,2026-08-25,8,yes,0,
visual-click.com,checked,200,2026-08-25,8,yes,0,
babycubby.com,checked,200,2026-08-25,9,yes,0,
geartrade.com,checked,200,2026-08-25,9,yes,0,
rcpitlane.com,checked,200,2026-08-25,9,yes,0,
simmsfishing.com,checked,200,2026-08-25,8,yes,0,
milkbarstore.com,checked,200,2026-08-25,9,yes,0,
mcgeeandco.com,checked,200,2026-08-25,8,yes,0,
blueair.com,checked,200,2026-08-25,8,yes,0,
repetto.com,checked,200,2026-08-25,9,yes,0,
foom.id,checked,200,2026-08-25,9,yes,0,
clksupplies.com,checked,200,2026-08-25,9,yes,0,
superkicks.in,checked,200,2026-08-25,8,yes,0,
clinicdress.de,checked,200,2026-08-25,9,yes,0,
teckinhome.com,blocked,403,,,,,
aussiepacific.com.au,checked,200,2026-08-25,8,yes,0,
galaxygamesllc.com,checked,200,2026-08-25,9,yes,0,
victrixlimited.com,checked,200,2026-08-25,8,yes,0,
myshopify.dev,no-profile,404,,,,,
intersport.nl,checked,200,2026-08-25,8,yes,0,
medstudy.com,checked,200,2026-08-25,9,yes,0,
lovable.it,checked,200,2026-08-25,9,yes,0,
mm2.cheap,checked,200,2026-08-25,9,yes,0,
littletikes.com,checked,200,2026-08-25,9,yes,0,
htvront.com,checked,200,2026-08-25,9,yes,0,
simplehuman.com,checked,200,2026-08-25,9,yes,0,
ambraneindia.com,checked,200,2026-08-25,9,yes,0,
cudetoate.ro,checked,200,2026-08-25,9,yes,0,
pstrstudio.com,checked,200,2026-08-25,8,yes,0,
ltdcommodities.com,checked,200,2026-08-25,8,yes,0,
bonnieplants.com,checked,200,2026-08-25,9,yes,0,
seikousa.com,checked,200,2026-08-25,9,yes,0,
invictus.com.br,checked,200,2026-08-25,9,yes,0,
dekcolife.com,checked,200,2026-08-25,9,yes,0,
fireboltt.com,checked,200,2026-08-25,9,yes,0,
joypersonalcare.com,checked,200,2026-08-25,8,yes,0,
orthora-footwear.com,checked,200,2026-08-25,9,yes,0,
ronsterrides.com,checked,200,2026-08-25,8,yes,0,
paintscratch.com,checked,200,2026-08-25,8,yes,0,
lescent.com.br,checked,200,2026-08-25,9,yes,0,
inibuilds.com,checked,200,2026-08-25,9,yes,0,
365mashbir.co.il,checked,200,2026-08-25,9,yes,0,
aeropress.com,checked,200,2026-08-25,8,yes,0,
rockcowleatherstudio.com,checked,200,2026-08-25,9,yes,0,
meubella.nl,checked,200,2026-08-25,8,yes,0,
fastandup.com,checked,200,2026-08-25,9,yes,0,
ambiendo.de,checked,200,2026-08-25,8,yes,0,
arrocha.com,checked,200,2026-08-25,8,yes,0,
dadsthatcook.com,checked,200,2026-08-25,8,yes,0,
americantourister.in,checked,200,2026-08-25,9,yes,0,
hometownfurnitureinc.com,checked,200,2026-08-25,8,yes,0,
alpinloacker.com,checked,200,2026-08-25,9,yes,0,
territorialseed.com,checked,200,2026-08-25,9,yes,0,
yescomusa.com,checked,200,2026-08-25,9,yes,0,
a1autopartsniddrie.com.au,checked,200,2026-08-25,8,yes,0,
cuadra.com.mx,checked,200,2026-08-25,9,yes,0,
buckle-down.com,checked,200,2026-08-25,9,yes,0,
mythinkcar.com,checked,200,2026-08-25,9,yes,0,
climamarket.it,checked,200,2026-08-25,9,yes,0,
yellowclothing.net,checked,200,2026-08-25,9,yes,0,
thealleychicago.com,checked,200,2026-08-25,9,yes,0,
farmae.it,checked,200,2026-08-25,8,yes,0,
rickowens.eu,checked,200,2026-08-25,9,yes,0,
tyr.com,checked,200,2026-08-25,9,yes,0,
pelsbarn.org,checked,200,2026-08-25,8,yes,0,
wrapcart.com,checked,200,2026-08-25,9,yes,0,
fastener.zone,checked,200,2026-08-25,8,yes,0,
hinoya.shop,checked,200,2026-08-25,8,yes,0,
redaspenlove.com,checked,200,2026-08-25,9,yes,0,
thanviboutique.com,checked,200,2026-08-25,9,yes,0,
finsfurniture.com,checked,200,2026-08-25,8,yes,0,
johnnie-o.com,checked,200,2026-08-25,8,yes,0,
tameson.com,checked,200,2026-08-25,9,yes,0,
meritbeauty.com,checked,200,2026-08-25,9,yes,0,
e-c-lab.com,checked,200,2026-08-25,9,yes,0,
hankypanky.com,checked,200,2026-08-25,9,yes,0,
banzaihobby.com,checked,200,2026-08-25,8,yes,0,
songmics.com,checked,200,2026-08-25,9,yes,0,
skinit.com,checked,200,2026-08-25,9,yes,0,
persol.com,checked,200,2026-08-25,8,yes,0,
finlayson.fi,checked,200,2026-08-25,8,yes,0,
elevatedfaith.com,checked,200,2026-08-25,9,yes,0,
carolsdaughter.com,checked,200,2026-08-25,9,yes,0,
jytdesign.com.tw,checked,200,2026-08-25,9,yes,0,
luxyhair.com,checked,200,2026-08-25,8,yes,0,
goelia1995.com,checked,200,2026-08-25,9,yes,0,
gemsmantra.com,checked,200,2026-08-25,9,yes,0,
zahnimarkt.com,checked,200,2026-08-25,9,yes,0,
southernstates.com,checked,200,2026-08-25,9,yes,0,
easy-clothes.com,checked,200,2026-08-25,8,yes,0,
suigenkyo.store,checked,200,2026-08-25,9,yes,0,
harrisfarm.com.au,checked,200,2026-08-25,9,yes,0,
philosophy.com,checked,200,2026-08-25,8,yes,0,
licocosmetics.com,checked,200,2026-08-25,9,yes,0,
lucabarra.it,checked,200,2026-08-25,8,yes,0,
motusboutique.fr,checked,200,2026-08-25,8,yes,0,
productosdelujo.cl,checked,200,2026-08-25,8,yes,0,
titan.com.pa,checked,200,2026-08-25,9,yes,0,
thepaperworm.com,checked,200,2026-08-25,8,yes,0,
distausa.com,checked,200,2026-08-25,8,yes,0,
realwatersports.com,checked,200,2026-08-25,8,yes,0,
orlybeauty.com,checked,200,2026-08-25,9,yes,0,
modiphius.net,checked,200,2026-08-25,9,yes,0,
schenkerfarms.com,checked,200,2026-08-25,9,yes,0,
fredericks.com,checked,200,2026-08-25,8,yes,0,
a1cashandcarry.com,checked,200,2026-08-25,8,yes,0,
rokform.com,checked,200,2026-08-25,9,yes,0,
makeupcityshop.com,checked,200,2026-08-25,8,yes,0,
iamgia.com,checked,200,2026-08-25,9,yes,0,
merci-merci.com,checked,200,2026-08-25,9,yes,0,
titan.fitness,checked,200,2026-08-25,9,yes,0,
tuftandneedle.com,checked,200,2026-08-25,9,yes,0,
amishyard.com,checked,200,2026-08-25,9,yes,0,
bravado.de,checked,200,2026-08-25,9,yes,0,
canvazo.com,checked,200,2026-08-25,9,yes,0,
vishalperipherals.com,checked,200,2026-08-25,9,yes,0,
furniturelandcolumbus.com,unreachable,409,,,,,
thegamecollection.net,checked,200,2026-08-25,8,yes,0,
mongoosepublishing.com,checked,200,2026-08-25,8,yes,0,
directsports.com,checked,200,2026-08-25,8,yes,0,
ncscolour.com,checked,200,2026-08-25,9,yes,0,
medelco.ca,checked,200,2026-08-25,8,yes,0,
pepcell.com,checked,200,2026-08-25,9,yes,0,
getdigital.com,checked,200,2026-08-25,9,yes,0,
evenrealities.com,checked,200,2026-08-25,8,yes,0,
blackhawksupply.com,checked,200,2026-08-25,9,yes,0,
jcoleshoes.com,checked,200,2026-08-25,8,yes,0,
greatlakesfurnishings.com,checked,200,2026-08-25,8,yes,0,
mimao.eu,checked,200,2026-08-25,9,yes,0,
diffeyewear.com,checked,200,2026-08-25,9,yes,0,
japanelectronics.com.pk,checked,200,2026-08-25,8,yes,0,
pomade.com,checked,200,2026-08-25,9,yes,0,
wolfpak.com,checked,200,2026-08-25,9,yes,0,
theproscloset.com,checked,200,2026-08-25,9,yes,0,
fleurdumal.com,checked,200,2026-08-25,9,yes,0,
zabcafe.com,checked,200,2026-08-25,8,yes,0,
lotto.it,checked,200,2026-08-25,9,yes,0,
matkatus.com,checked,200,2026-08-25,8,yes,0,
birkenstocksa.co.za,checked,200,2026-08-25,9,yes,0,
caseplay.shop,checked,200,2026-08-25,9,yes,0,
portricheyfurnitureoutlet.com,checked,200,2026-08-25,8,yes,0,
hobbii.fr,checked,200,2026-08-25,9,yes,0,
vans.cl,checked,200,2026-08-25,8,yes,0,
blenderseyewear.com,checked,200,2026-08-25,8,yes,0,
edurino.com,checked,200,2026-08-25,9,yes,0,
kiierr.com,checked,200,2026-08-25,8,yes,0,
idealworld.tv,checked,200,2026-08-25,9,yes,0,
animes-pro.com,checked,200,2026-08-25,9,yes,0,
supergoop.com,checked,200,2026-08-25,8,yes,0,
cuoieriashop.com,checked,200,2026-08-25,8,yes,0,
perfumepalace.in,checked,200,2026-08-25,8,yes,0,
versalie.com,checked,200,2026-08-25,8,yes,0,
craft-folk.com,checked,200,2026-08-25,8,yes,0,
arcade1up.com,checked,200,2026-08-25,8,yes,0,
skinelite.com,checked,200,2026-08-25,9,yes,0,
fluevog.com,checked,200,2026-08-25,8,yes,0,
seattlecoffeegear.com,checked,200,2026-08-25,9,yes,0,
liveaquaria.com,checked,200,2026-08-25,9,yes,0,
scentoria.co.in,checked,200,2026-08-25,9,yes,0,
tribalornaments.com,checked,200,2026-08-25,9,yes,0,
freshwatersystems.com,checked,200,2026-08-25,9,yes,0,
infinixmobiles.in,checked,200,2026-08-25,8,yes,0,
furnitureone.net,checked,200,2026-08-25,9,yes,0,
reefcoaquariums.com,checked,200,2026-08-25,9,yes,0,
remingtonproducts.com,checked,200,2026-08-25,9,yes,0,
safaribags.com,checked,200,2026-08-25,8,yes,0,
foxhome.co.il,checked,200,2026-08-25,9,yes,0,
footway.com,checked,200,2026-08-25,8,yes,0,
vhita.com.br,checked,200,2026-08-25,9,yes,0,
leonisa.com,checked,200,2026-08-25,8,yes,0,
buceplant.com,checked,200,2026-08-25,8,yes,0,
raymond-weil.com,checked,200,2026-08-25,9,yes,0,
oneblockdown.com,checked,200,2026-08-25,9,yes,0,
explodingkittens.com,checked,200,2026-08-25,8,yes,0,
bushiroad-store.com,checked,200,2026-08-25,9,yes,0,
coosy.es,checked,200,2026-08-25,9,yes,0,
jaimantoys.com,checked,200,2026-08-25,8,yes,0,
virtualmuebles.com,checked,200,2026-08-25,9,yes,0,
sk-ii.com,checked,200,2026-08-25,9,yes,0,
culturesforhealth.com,checked,200,2026-08-25,8,yes,0,
petsense.com,checked,200,2026-08-25,9,yes,0,
expresscomputersystems.com,checked,200,2026-08-25,8,yes,0,
bigfloetoli.com,checked,200,2026-08-25,8,yes,0,
vianney.com.mx,checked,200,2026-08-25,9,yes,0,
ideou.com,checked,200,2026-08-25,9,yes,0,
allurebridals.com,checked,200,2026-08-25,8,yes,0,
jcardiecast.com,checked,200,2026-08-25,9,yes,0,
nerogiardini.it,checked,200,2026-08-25,9,yes,0,
decathlon.com.ar,checked,200,2026-08-25,8,yes,0,
zuiki.it,checked,200,2026-08-25,9,yes,0,
fableengland.com,checked,200,2026-08-25,9,yes,0,
discountmattressesduluth.com,checked,200,2026-08-25,8,yes,0,
dossier.co,checked,200,2026-08-25,9,yes,0,
vanya.pk,checked,200,2026-08-25,9,yes,0,
reeder.com.tr,checked,200,2026-08-25,9,yes,0,
uniform4kids.com,checked,200,2026-08-25,9,yes,0,
thehappyplanner.com,checked,200,2026-08-25,9,yes,0,
discounttackle.com,checked,200,2026-08-25,8,yes,0,
includ.com,checked,200,2026-08-25,9,yes,0,
gef.co,checked,200,2026-08-25,9,yes,0,
augustinusbader.com,checked,200,2026-08-25,9,yes,0,
firstwefeast.com,checked,200,2026-08-25,9,yes,0,
woolandwoollen.eu,checked,200,2026-08-25,8,yes,0,
sierramadrecollection.com,checked,200,2026-08-25,9,yes,0,
glemoshop.com,checked,200,2026-08-25,8,yes,0,
discordmerch.com,checked,200,2026-08-25,8,yes,0,
xtistore.com,checked,200,2026-08-25,8,yes,0,
lovepop.com,checked,200,2026-08-25,9,yes,0,
lbclightingpro.com,checked,200,2026-08-25,9,yes,0,
tenthousandvillages.com,checked,200,2026-08-25,9,yes,0,
elsasfurniture.com,checked,200,2026-08-25,9,yes,0,
fomostore.in,checked,200,2026-08-25,8,yes,0,
sheetmusicnow.com,checked,200,2026-08-25,8,yes,0,
kravitz.co.il,checked,200,2026-08-25,9,yes,0,
rattanshack.com,checked,200,2026-08-25,8,yes,0,
natori.com,checked,200,2026-08-25,8,yes,0,
shahzebsaeed.com,checked,200,2026-08-25,9,yes,0,
hellohfm.com,unreachable,409,,,,,
toucheprive.com,checked,200,2026-08-25,9,yes,0,
mac-jeans.com,checked,200,2026-08-25,8,yes,0,
headsupfortails.com,checked,200,2026-08-25,9,yes,0,
hobbyofkings.com,checked,200,2026-08-25,8,yes,0,
tmlewin.co.uk,checked,200,2026-08-25,9,yes,0,
bayoptiks.com,checked,200,2026-08-25,9,yes,0,
titan13toy.com,checked,200,2026-08-25,8,yes,0,
shoplecce.com,checked,200,2026-08-25,8,yes,0,
kiniki.com,checked,200,2026-08-25,9,yes,0,
activ.eg,checked,200,2026-08-25,8,yes,0,
bimani.com,checked,200,2026-08-25,9,yes,0,
cantabilshop.com,checked,200,2026-08-25,9,yes,0,
cocorico.store,checked,200,2026-08-25,9,yes,0,
fabrics.cl,checked,200,2026-08-25,9,yes,0,
funkyfidgetsshop.co.uk,checked,200,2026-08-25,8,yes,0,
goovi.com,checked,200,2026-08-25,9,yes,0,
gotta.cl,checked,200,2026-08-25,9,yes,0,
gulmahal.pk,checked,200,2026-08-25,8,yes,0,
hamercop.com,checked,200,2026-08-25,9,yes,0,
hopsa.com,checked,200,2026-08-25,8,yes,0,
lorenzodipontti.cl,checked,200,2026-08-25,8,yes,0,
magicneedles.in,checked,200,2026-08-25,8,yes,0,
mensclubcollection.com,checked,200,2026-08-25,9,yes,0,
nanso.com,checked,200,2026-08-25,9,yes,0,
neerus.com,checked,200,2026-08-25,8,yes,0,
rawayat.com.pk,checked,200,2026-08-25,9,yes,0,
rollover.com.pk,checked,200,2026-08-25,9,yes,0,
seven.eu,checked,200,2026-08-25,9,yes,0,
sharkninja.com.tr,checked,200,2026-08-25,9,yes,0,
sreeleathersonline.com,checked,200,2026-08-25,8,yes,0,
stopjeans.com,checked,200,2026-08-25,9,yes,0,
showmeyourmumu.com,checked,200,2026-08-25,9,yes,0,
boardgamebliss.com,checked,200,2026-08-25,9,yes,0,
guitarsgarden.com,checked,200,2026-08-25,9,yes,0,
hauslabs.com,checked,200,2026-08-25,8,yes,0,
thesupermade.com,checked,200,2026-08-25,9,yes,0,
crossbeats.com,checked,200,2026-08-25,8,yes,0,
eberjey.com,checked,200,2026-08-25,9,yes,0,
sunmountain.com,checked,200,2026-08-25,9,yes,0,
tokullectibles.com,checked,200,2026-08-25,9,yes,0,
robo3d.com,checked,200,2026-08-25,8,yes,0,
rezetstore.com,checked,200,2026-08-25,9,yes,0,
eastessence.com,checked,200,2026-08-25,9,yes,0,
blackmilkclothing.com,checked,200,2026-08-25,8,yes,0,
salitexonline.com,checked,200,2026-08-25,9,yes,0,
kindredbravely.com,checked,200,2026-08-25,8,yes,0,
agarolifestyle.com,checked,200,2026-08-25,8,yes,0,
bauzaar.it,checked,200,2026-08-25,9,yes,0,
fragstalk.in,checked,200,2026-08-25,9,yes,0,
alpkit.com,checked,200,2026-08-25,8,yes,0,
underarmour.cl,checked,200,2026-08-25,9,yes,0,
shinesty.com,checked,200,2026-08-25,9,yes,0,
oliveandjune.com,checked,200,2026-08-25,9,yes,0,
kairyu.fr,checked,200,2026-08-25,8,yes,0,
manduka.com,checked,200,2026-08-25,9,yes,0,
tombihn.com,checked,200,2026-08-25,8,yes,0,
thefurniturehouseva.com,checked,200,2026-08-25,9,yes,0,
hardypaw.com,checked,200,2026-08-25,9,yes,0,
gocolors.com,checked,200,2026-08-25,9,yes,0,
ayr.com,checked,200,2026-08-25,8,yes,0,
mintandlily.com,checked,200,2026-08-25,8,yes,0,
sharmusic.com,checked,200,2026-08-25,8,yes,0,
kamakurabeniya.com,checked,200,2026-08-25,9,yes,0,
bikesterglobal.com,checked,200,2026-08-25,9,yes,0,
cosmoslayers.in,checked,200,2026-08-25,9,yes,0,
jumpshop-benelic.com,checked,200,2026-08-25,8,yes,0,
relapse.com,checked,200,2026-08-25,8,yes,0,
carrera-toys.com,checked,200,2026-08-25,9,yes,0,
houseoffurnitureinc.com,checked,200,2026-08-25,9,yes,0,
switchbot.jp,checked,200,2026-08-25,9,yes,0,
limelightdiamonds.com,checked,200,2026-08-25,9,yes,0,
atlasphones.com,checked,200,2026-08-25,9,yes,0,
teejh.com,checked,200,2026-08-25,9,yes,0,
trehouse.com,checked,200,2026-08-25,9,yes,0,
detectorwarehouse.com,checked,200,2026-08-25,8,yes,0,
oseamalibu.com,checked,200,2026-08-25,9,yes,0,
plantdelights.com,checked,200,2026-08-25,8,yes,0,
mussi.com.co,checked,200,2026-08-25,9,yes,0,
sawary.com,checked,200,2026-08-25,9,yes,0,
vizzela.com.br,checked,200,2026-08-25,9,yes,0,
fahertybrand.com,checked,200,2026-08-25,8,yes,0,
cardscitadel.com,checked,200,2026-08-25,9,yes,0,
jluxlabel.com,checked,200,2026-08-25,9,yes,0,
restaurantfurnitureplus.com,checked,200,2026-08-25,8,yes,0,
ladress.com,checked,200,2026-08-25,9,yes,0,
moshulu.co.uk,checked,200,2026-08-25,9,yes,0,
crafterscompanion.co.uk,checked,200,2026-08-25,8,yes,0,
weck.de,checked,200,2026-08-25,8,yes,0,
the-store.com,checked,200,2026-08-25,8,yes,0,
halosleep.com,checked,200,2026-08-25,8,yes,0,
charlotterusse.com,checked,200,2026-08-25,8,yes,0,
stahlkitchens.com,checked,200,2026-08-25,9,yes,0,
craftcafe.store,checked,200,2026-08-25,8,yes,0,
iwantthatstuff.store,checked,200,2026-08-25,8,yes,0,
lethalperformance.com,checked,200,2026-08-25,9,yes,0,
makenmusic.com,checked,200,2026-08-25,8,yes,0,
cosmetic.cl,checked,200,2026-08-25,9,yes,0,
kabishah.com,checked,200,2026-08-25,9,yes,0,
misjoyas.cl,checked,200,2026-08-25,9,yes,0,
sukooon.com,checked,200,2026-08-25,9,yes,0,
pichara.cl,checked,200,2026-08-25,9,yes,0,
tugba.com,checked,200,2026-08-25,8,yes,0,
mobspares.com,checked,200,2026-08-25,9,yes,0,
organicbasics.com,checked,200,2026-08-25,9,yes,0,
tvbeugels.nl,checked,200,2026-08-25,8,yes,0,
deerruntreadmill.com,checked,200,2026-08-25,9,yes,0,
battlbox.com,checked,200,2026-08-25,8,yes,0,
digidirect.com.au,checked,200,2026-08-25,9,yes,0,
withclarity.com,checked,200,2026-08-25,9,yes,0,
foco.com,checked,200,2026-08-25,8,yes,0,
bedrfurnitureandmattress.com,checked,200,2026-08-25,8,yes,0,
merchantoftennis.com,checked,200,2026-08-25,8,yes,0,
thearmypainter.com,checked,200,2026-08-25,9,yes,0,
emaratiscents.com,checked,200,2026-08-25,8,yes,0,
whiterainbookhouse.com,checked,200,2026-08-25,8,yes,0,
partypacks.co.uk,checked,200,2026-08-25,9,yes,0,
ileworldwide.com,checked,200,2026-08-25,9,yes,0,
sstack.com,checked,200,2026-08-25,9,yes,0,
kinglouie.com,checked,200,2026-08-25,8,yes,0,
cleanfreak.com,checked,200,2026-08-25,9,yes,0,
kjbeckett.com,checked,200,2026-08-25,9,yes,0,
home-curtains.com,checked,200,2026-08-25,9,yes,0,
thedoublef.com,checked,200,2026-08-25,9,yes,0,
beprepared.com,checked,200,2026-08-25,8,yes,0,
pantproject.com,checked,200,2026-08-25,9,yes,0,
aweinspired.com,checked,200,2026-08-25,9,yes,0,
golfclubs4cash.co.uk,checked,200,2026-08-25,9,yes,0,
bullionknot.com,checked,200,2026-08-25,9,yes,0,
lavieworld.com,checked,200,2026-08-25,8,yes,0,
perfumenetwork.in,checked,200,2026-08-25,9,yes,0,
stretchshop.nl,checked,200,2026-08-25,9,yes,0,
timberland.co.za,checked,200,2026-08-25,8,yes,0,
wildlama.com,checked,200,2026-08-25,8,yes,0,
hockshoes.com,checked,200,2026-08-25,9,yes,0,
magiczne-perfumy.pl,checked,200,2026-08-25,8,yes,0,
miniclub.com.pk,checked,200,2026-08-25,8,yes,0,
sajiero.com,checked,200,2026-08-25,9,yes,0,
weshoes.co.il,checked,200,2026-08-25,9,yes,0,
redshedfurniture.com,checked,200,2026-08-25,9,yes,0,
patmcgrath.com,checked,200,2026-08-25,9,yes,0,
waterdropfilter.com,checked,200,2026-08-25,8,yes,0,
maxusbeauty.com,checked,200,2026-08-25,9,yes,0,
akbaraslam.com,checked,200,2026-08-25,8,yes,0,
invicta.com.co,checked,200,2026-08-25,9,yes,0,
yepoda.it,checked,200,2026-08-25,9,yes,0,
plowhearth.com,checked,200,2026-08-25,9,yes,0,
eagles.com,checked,200,2026-08-25,8,yes,0,
sugarcosmetics.com,checked,200,2026-08-25,8,yes,0,
audeze.com,checked,200,2026-08-25,9,yes,0,
popular.com.sg,checked,200,2026-08-25,8,yes,0,
crystallinetribe.com,checked,200,2026-08-25,8,yes,0,
fusionfixings.co.uk,checked,200,2026-08-25,9,yes,0,
furniturevilletx.com,checked,200,2026-08-25,9,yes,0,
victoriabeckhambeauty.com,checked,200,2026-08-25,8,yes,0,
safetyvestsandmore.com,checked,200,2026-08-25,9,yes,0,
lepetitsociety.com,checked,200,2026-08-25,9,yes,0,
holaprincesa.es,checked,200,2026-08-25,9,yes,0,
katyayanikrishidirect.com,checked,200,2026-08-25,8,yes,0,
urbanathletics.com.ph,checked,200,2026-08-25,9,yes,0,
briggs-riley.com,checked,200,2026-08-25,9,yes,0,
athleticbrewing.com,checked,200,2026-08-25,9,yes,0,
mojostores.com,checked,200,2026-08-25,9,yes,0,
level-sense.com,checked,200,2026-08-25,9,yes,0,
dubellay.mx,checked,200,2026-08-25,9,yes,0,
wellstore.co.nz,checked,200,2026-08-25,8,yes,0,
groundingwell.com,checked,200,2026-08-25,9,yes,0,
gnu.com,checked,200,2026-08-25,8,yes,0,
welotec.com,checked,200,2026-08-25,9,yes,0,
furorjeans.com,checked,200,2026-08-25,8,yes,0,
flatbushexpressfurniture.com,unreachable,402,,,,,
fila.co.in,checked,200,2026-08-25,9,yes,0,
gfuel.com,checked,200,2026-08-25,8,yes,0,
saintbernard.com,checked,200,2026-08-25,9,yes,0,
audio.one,checked,200,2026-08-25,9,yes,0,
jumpichiban.com,checked,200,2026-08-25,8,yes,0,
pepco.cz,checked,200,2026-08-25,9,yes,0,
wedgwood.com,checked,200,2026-08-25,8,yes,0,
dreo.com,checked,200,2026-08-25,8,yes,0,
whitakersgardencentre.co.uk,checked,200,2026-08-25,8,yes,0,
davincified.com,checked,200,2026-08-25,8,yes,0,
corkcicle.com,checked,200,2026-08-25,9,yes,0,
latchedandhooked.com,unreachable,402,,,,,
furnitureoutletwacotx.com,checked,200,2026-08-25,8,yes,0,
ayana.co.za,checked,200,2026-08-25,9,yes,0,
cobragolf.com,checked,200,2026-08-25,8,yes,0,
heals.com,checked,200,2026-08-25,9,yes,0,
biolaboratorium.com,checked,200,2026-08-25,8,yes,0,
rowve.com,checked,200,2026-08-25,9,yes,0,
consciouschemist.com,checked,200,2026-08-25,9,yes,0,
fixderma.com,checked,200,2026-08-25,8,yes,0,
addiesdivewatches.com,checked,200,2026-08-25,8,yes,0,
delicando.com,checked,200,2026-08-25,9,yes,0,
hatclub.com,checked,200,2026-08-25,8,yes,0,
starizona.com,checked,200,2026-08-25,8,yes,0,
quayaustralia.com.au,checked,200,2026-08-25,9,yes,0,
perforacare.com,checked,200,2026-08-25,9,yes,0,
hushpuppies.cl,checked,200,2026-08-25,9,yes,0,
shilav.co.il,checked,200,2026-08-25,9,yes,0,
alphaindustries.com,checked,200,2026-08-25,8,yes,0,
lulusar.com,checked,200,2026-08-25,8,yes,0,
lesbellescombines.com,checked,200,2026-08-25,8,yes,0,
arcticmonkeys.com,checked,200,2026-08-25,8,yes,0,
daily-harvest.com,checked,200,2026-08-25,9,yes,0,
rayconglobal.com,checked,200,2026-08-25,9,yes,0,
getuploadkit.com,checked,200,2026-08-25,9,yes,0,
arovehic.com,checked,200,2026-08-25,9,yes,0,
calza.com.pk,checked,200,2026-08-25,8,yes,0,
croydon.com.co,checked,200,2026-08-25,9,yes,0,
digitek.net.in,checked,200,2026-08-25,9,yes,0,
flamingueostore.com,checked,200,2026-08-25,8,yes,0,
heartmarket.shop,checked,200,2026-08-25,9,yes,0,
houseofchikankari.in,checked,200,2026-08-25,8,yes,0,
jazmin.pk,checked,200,2026-08-25,9,yes,0,
laplateformeducoiffeur.com,checked,200,2026-08-25,9,yes,0,
lustmexico.com,checked,200,2026-08-25,9,yes,0,
mashini.cl,checked,200,2026-08-25,8,yes,0,
missrose.pk,checked,200,2026-08-25,8,yes,0,
stanley1913.ar,checked,200,2026-08-25,9,yes,0,
zeenwoman.com,checked,200,2026-08-25,8,yes,0,
nihan.com.tr,checked,200,2026-08-25,9,yes,0,
uniworthshop.com,checked,200,2026-08-25,8,yes,0,
jacksonqueen.ca,checked,200,2026-08-25,9,yes,0,
craftdlondon.com,checked,200,2026-08-25,9,yes,0,
lumene.com,checked,200,2026-08-25,9,yes,0,
lacolombe.com,checked,200,2026-08-25,9,yes,0,
duallywheels.com,checked,200,2026-08-25,9,yes,0,
skandishop.de,checked,200,2026-08-25,9,yes,0,
thefryecompany.com,checked,200,2026-08-25,9,yes,0,
st-dupont.com,checked,200,2026-08-25,8,yes,0,
snehalayaasilks.com,checked,200,2026-08-25,9,yes,0,
brandedcutpieces.com.pk,checked,200,2026-08-25,8,yes,0,
latwadziara.pl,checked,200,2026-08-25,8,yes,0,
sanita.com,checked,200,2026-08-25,8,yes,0,
grenade.com,checked,200,2026-08-25,8,yes,0,
lashx.pro,checked,200,2026-08-25,9,yes,0,
nemoequipment.com,checked,200,2026-08-25,9,yes,0,
movieposters.com,checked,200,2026-08-25,8,yes,0,
radpowerbikes.com,checked,200,2026-08-25,9,yes,0,
oace.de,checked,200,2026-08-25,9,yes,0,
montredo.com,checked,200,2026-08-25,9,yes,0,
mudhole.com,checked,200,2026-08-25,8,yes,0,
healthfab.in,checked,200,2026-08-25,8,yes,0,
ulanzi.com,checked,200,2026-08-25,9,yes,0,
midnighthour.com,checked,200,2026-08-25,8,yes,0,
watchesofswitzerland.com,checked,200,2026-08-25,8,yes,0,
store974.com,checked,200,2026-08-25,8,yes,0,
cosrx.com,checked,200,2026-08-25,9,yes,0,
motomillion.com,checked,200,2026-08-25,9,yes,0,
musubi-furoshiki.com,checked,200,2026-08-25,9,yes,0,
metvmall.com,checked,200,2026-08-25,9,yes,0,
northspore.com,checked,200,2026-08-25,8,yes,0,
miraclesuit.com,checked,200,2026-08-25,9,yes,0,
panthertechnology.com,checked,200,2026-08-25,9,yes,0,
blueland.com,checked,200,2026-08-25,8,yes,0,
gouletpens.com,checked,200,2026-08-25,8,yes,0,
botanicalinterests.com,checked,200,2026-08-25,9,yes,0,
crankbrothers.com,checked,200,2026-08-25,9,yes,0,
furniturelandmilwaukee.com,checked,200,2026-08-25,8,yes,0,
avidlove.com,checked,200,2026-08-25,9,yes,0,
tcrunningco.com,checked,200,2026-08-25,9,yes,0,
arosport.co.il,checked,200,2026-08-25,9,yes,0,
lancaster.com,checked,200,2026-08-25,8,yes,0,
hausandkinder.com,checked,200,2026-08-25,8,yes,0,
livemomentous.com,checked,200,2026-08-25,8,yes,0,
boutiquerugs.com,checked,200,2026-08-25,9,yes,0,
bellabridesmaids.com,checked,200,2026-08-25,9,yes,0,
japanesetaste.com,checked,200,2026-08-25,9,yes,0,
lafurniturecenter.com,checked,200,2026-08-25,8,yes,0,
brandsinnpk.com,checked,200,2026-08-25,9,yes,0,
cavaathleisure.com,checked,200,2026-08-25,9,yes,0,
moltyfoam.com.pk,checked,200,2026-08-25,8,yes,0,
ohbyozy.com,checked,200,2026-08-25,9,yes,0,
titaniccenter.com,unreachable,401,,,,,
faunusplant.ro,checked,200,2026-08-25,9,yes,0,
tape.co.za,checked,200,2026-08-25,8,yes,0,
amiclubwear.com,checked,200,2026-08-25,9,yes,0,
collins.co.uk,checked,200,2026-08-25,9,yes,0,
silca.cc,checked,200,2026-08-25,9,yes,0,
tankwaters.com,checked,200,2026-08-25,9,yes,0,
kingscomics.com,checked,200,2026-08-25,9,yes,0,
outdoorvoices.com,checked,200,2026-08-25,8,yes,0,
imagin-badges.co.uk,checked,200,2026-08-25,8,yes,0,
curtarra.com,checked,200,2026-08-25,8,yes,0,
baracuta.com,checked,200,2026-08-25,8,yes,0,
almas.pk,checked,200,2026-08-25,8,yes,0,
medsupplynow.com,checked,200,2026-08-25,8,yes,0,
casablancaparis.com,checked,200,2026-08-25,9,yes,0,
lorenzouomo.com,checked,200,2026-08-25,8,yes,0,
dandolahora.cl,checked,200,2026-08-25,8,yes,0,
bondno9.com,checked,200,2026-08-25,9,yes,0,
sociusdesign.com,checked,200,2026-08-25,9,yes,0,
supernaturalgoods.com,checked,200,2026-08-25,8,yes,0,
hugmyhair.com,checked,200,2026-08-25,8,yes,0,
artprinta.com,checked,200,2026-08-25,9,yes,0,
atelierdusourcil.com,checked,200,2026-08-25,9,yes,0,
aninebing.com,checked,200,2026-08-25,9,yes,0,
uoozee.com,checked,200,2026-08-25,9,yes,0,
totwoo.com,checked,200,2026-08-25,9,yes,0,
occre.com,checked,200,2026-08-25,9,yes,0,
citysleepfurniture.com,checked,200,2026-08-25,9,yes,0,
boker.de,checked,200,2026-08-25,8,yes,0,
pierceduniverse.com,checked,200,2026-08-25,9,yes,0,
buy2fix.co.uk,checked,200,2026-08-25,8,yes,0,
redeyegarage.com,checked,200,2026-08-25,8,yes,0,
andieswim.com,checked,200,2026-08-25,8,yes,0,
badinka.com,checked,200,2026-08-25,8,yes,0,
furnified.com,checked,200,2026-08-25,9,yes,0,
sweethome-va.com,checked,200,2026-08-25,9,yes,0,
dancovershop.com,checked,200,2026-08-25,9,yes,0,
afrozeh.com,checked,200,2026-08-25,8,yes,0,
akd.iq,checked,200,2026-08-25,8,yes,0,
cahoot.in,checked,200,2026-08-25,9,yes,0,
inc5shop.com,checked,200,2026-08-25,9,yes,0,
jamar.com.pa,checked,200,2026-08-25,9,yes,0,
sheetalbatra.com,checked,200,2026-08-25,9,yes,0,
skmei.com.pk,checked,200,2026-08-25,9,yes,0,
southloom.com,checked,200,2026-08-25,9,yes,0,
sparify.co,checked,200,2026-08-25,8,yes,0,
vallisvaseha.com,checked,200,2026-08-25,9,yes,0,
glamood.com,checked,200,2026-08-25,9,yes,0,
graffitiwallarts.com,checked,200,2026-08-25,8,yes,0,
laduree.fr,checked,200,2026-08-25,8,yes,0,
korres.com,checked,200,2026-08-25,8,yes,0,
orlebarbrown.com,checked,200,2026-08-25,8,yes,0,
conbipel.com,checked,200,2026-08-25,9,yes,0,
parchem.com,checked,200,2026-08-25,8,yes,0,
autowin.com,checked,200,2026-08-25,8,yes,0,
ateliertrottinette.ch,checked,200,2026-08-25,8,yes,0,
farfalla.eu,checked,200,2026-08-25,8,yes,0,
markenkoffer.de,checked,200,2026-08-25,8,yes,0,
robbiewilliams.com,checked,200,2026-08-25,8,yes,0,
swell.com,checked,200,2026-08-25,8,yes,0,
zoesfurniture.com,checked,200,2026-08-25,9,yes,0,
inverfin.com.py,checked,200,2026-08-25,9,yes,0,
wojanshop.pl,checked,200,2026-08-25,8,yes,0,
magneticme.com,checked,200,2026-08-25,8,yes,0,
bricoandpool.com,checked,200,2026-08-25,8,yes,0,
motoscoot.net,checked,200,2026-08-25,8,yes,0,
wanelo.com,checked,200,2026-08-25,8,yes,0,
vincecamuto.com,checked,200,2026-08-25,9,yes,0,
vairo.app,checked,200,2026-08-25,9,yes,0,
der-zuckerbaecker.de,checked,200,2026-08-25,9,yes,0,
supplystop.com,checked,200,2026-08-25,8,yes,0,
naturium.com,checked,200,2026-08-25,9,yes,0,
furniturebrosil.com,checked,200,2026-08-25,8,yes,0,
foresightsports.com,checked,200,2026-08-25,8,yes,0,
getquip.com,checked,200,2026-08-25,9,yes,0,
filimprimante3d.fr,checked,200,2026-08-25,9,yes,0,
trendollajewelry.com,checked,200,2026-08-25,9,yes,0,
ironheart.co.uk,checked,200,2026-08-25,8,yes,0,
safari.in,checked,200,2026-08-25,8,yes,0,
runawaythelabel.com,checked,200,2026-08-25,9,yes,0,
carbon38.com,checked,200,2026-08-25,9,yes,0,
curvecomfy.com,checked,200,2026-08-25,9,yes,0,
hubo.nl,checked,200,2026-08-25,9,yes,0,
thegiveawayguys.co.uk,checked,200,2026-08-25,8,yes,0,
everlast.com,checked,200,2026-08-25,8,yes,0,
rollei.de,checked,200,2026-08-25,8,yes,0,
portlandfurnituremattress.com,checked,200,2026-08-25,9,yes,0,
borastapeter.com,checked,200,2026-08-25,9,yes,0,
gsequestrian.com,checked,200,2026-08-25,8,yes,0,
lilygo.cc,checked,200,2026-08-25,9,yes,0,
escentric.com,checked,200,2026-08-25,8,yes,0,
fissler.com,checked,200,2026-08-25,8,yes,0,
culturekings.com.au,checked,200,2026-08-25,9,yes,0,
zeb.be,checked,200,2026-08-25,8,yes,0,
poke-collect.com,checked,200,2026-08-25,8,yes,0,
libertyshoesonline.com,checked,200,2026-08-25,8,yes,0,
especiallyyours.com,checked,200,2026-08-25,9,yes,0,
tgmskateboards.com,checked,200,2026-08-25,8,yes,0,
aafurnituremd.com,checked,200,2026-08-25,8,yes,0,
burtsbeesbaby.com,checked,200,2026-08-25,9,yes,0,
lojaavante.com,checked,200,2026-08-25,9,yes,0,
arkivmusic.com,checked,200,2026-08-25,9,yes,0,
myiconfurniture.com,checked,200,2026-08-25,8,yes,0,
twinings.co.uk,checked,200,2026-08-25,8,yes,0,
dlk.com.br,checked,200,2026-08-25,8,yes,0,
roadid.com,checked,200,2026-08-25,9,yes,0,
intimaterose.com,checked,200,2026-08-25,9,yes,0,
bouncewear.com,checked,200,2026-08-25,9,yes,0,
99customizedjewellery.in,checked,200,2026-08-25,8,yes,0,
99wholesale.com,checked,200,2026-08-25,9,yes,0,
abwholesale.pk,checked,200,2026-08-25,8,yes,0,
alhassan.pk,checked,200,2026-08-25,9,yes,0,
amalfa.in,checked,200,2026-08-25,8,yes,0,
attirebyayaana.com,checked,200,2026-08-25,9,yes,0,
baareeki.com,checked,200,2026-08-25,9,yes,0,
bagrustore.com,checked,200,2026-08-25,8,yes,0,
bakehouse.pk,checked,200,2026-08-25,8,yes,0,
bakeyy.com,checked,200,2026-08-25,9,yes,0,
bandidospitstop.com,checked,200,2026-08-25,9,yes,0,
bbabysuleman.com,checked,200,2026-08-25,8,yes,0,
binilyas.com,checked,200,2026-08-25,9,yes,0,
blfabric.com,checked,200,2026-08-25,9,yes,0,
blink-basket.in,checked,200,2026-08-25,9,yes,0,
blueisland.in,checked,200,2026-08-25,8,yes,0,
blurgvillage.com,checked,200,2026-08-25,9,yes,0,
bodynbody.com,checked,200,2026-08-25,8,yes,0,
branddealbymisbah.com,checked,200,2026-08-25,9,yes,0,
breakin.pk,checked,200,2026-08-25,8,yes,0,
buyhautesauce.com,checked,200,2026-08-25,9,yes,0,
chiikawamogumogu.shop,checked,200,2026-08-25,9,yes,0,
chinyere.pk,checked,200,2026-08-25,8,yes,0,
clevercel.co,checked,200,2026-08-25,8,yes,0,
cln.com.ph,checked,200,2026-08-25,9,yes,0,
clothingjunction.co.za,checked,200,2026-08-25,9,yes,0,
crocs.com.ar,checked,200,2026-08-25,8,yes,0,
cutandcropped.com,checked,200,2026-08-25,8,yes,0,
daivik.in,checked,200,2026-08-25,9,yes,0,
denverformen.com,checked,200,2026-08-25,9,yes,0,
elzbietabutikwarszawa.com,checked,200,2026-08-25,8,yes,0,
embeyvally.in,checked,200,2026-08-25,9,yes,0,
estailofashion.com,checked,200,2026-08-25,9,yes,0,
eyewearlabs.com,checked,200,2026-08-25,9,yes,0,
fabb6.com,checked,200,2026-08-25,8,yes,0,
femalechoice.pk,checked,200,2026-08-25,9,yes,0,
fetchnbuy.in,checked,200,2026-08-25,9,yes,0,
feversave.com,checked,200,2026-08-25,9,yes,0,
filohevis.com,checked,200,2026-08-25,8,yes,0,
floranzafashion.com,checked,200,2026-08-25,9,yes,0,
flyingcarts.in,checked,200,2026-08-25,9,yes,0,
freshwateraquatica.org,checked,200,2026-08-25,9,yes,0,
gadgetlane.co.in,checked,200,2026-08-25,8,yes,0,
gargi.shop,checked,200,2026-08-25,9,yes,0,
genrage.com,checked,200,2026-08-25,9,yes,0,
godavarivantillu.com,checked,200,2026-08-25,8,yes,0,
goodmonk.in,checked,200,2026-08-25,8,yes,0,
greensoul.online,checked,200,2026-08-25,9,yes,0,
gullylabs.com,checked,200,2026-08-25,8,yes,0,
haniatextile.com,checked,200,2026-08-25,8,yes,0,
houseofcharizma.com,checked,200,2026-08-25,9,yes,0,
houseofraadhvi.com,checked,200,2026-08-25,9,yes,0,
idaho-o.com,checked,200,2026-08-25,9,yes,0,
insightcosmetics.in,checked,200,2026-08-25,9,yes,0,
jaihindsports.com,checked,200,2026-08-25,9,yes,0,
johnellies.in,checked,200,2026-08-25,8,yes,0,
kabbanifurniture.com,checked,200,2026-08-25,9,yes,0,
kapes-shop.co,checked,200,2026-08-25,9,yes,0,
kenazperfumes.com,checked,200,2026-08-25,8,yes,0,
keralacotton.com,checked,200,2026-08-25,8,yes,0,
kidichic.co.il,checked,200,2026-08-25,9,yes,0,
kreo-tech.com,checked,200,2026-08-25,9,yes,0,
labelamrita.com,checked,200,2026-08-25,9,yes,0,
lakshmikrishnanaturals.com,checked,200,2026-08-25,8,yes,0,
lenawarszawa.pl,checked,200,2026-08-25,9,yes,0,
lepakshigdk.com,checked,200,2026-08-25,9,yes,0,
lepetitemarie.com,checked,200,2026-08-25,9,yes,0,
livreeleve.com.br,checked,200,2026-08-25,9,yes,0,
lottobd.com,checked,200,2026-08-25,9,yes,0,
luckbg.com,checked,200,2026-08-25,8,yes,0,
luveon.com,checked,200,2026-08-25,9,yes,0,
madrassarees.com,checked,200,2026-08-25,9,yes,0,
marlovale.com,checked,200,2026-08-25,8,yes,0,
mavinclub.com,checked,200,2026-08-25,9,yes,0,
maxsport.com.co,checked,200,2026-08-25,9,yes,0,
maybellindia.com,checked,200,2026-08-25,9,yes,0,
mbasics.pk,checked,200,2026-08-25,8,yes,0,
mesmerizeindia.com,checked,200,2026-08-25,9,yes,0,
mfwonline.co.in,checked,200,2026-08-25,9,yes,0,
milld.com,checked,200,2026-08-25,9,yes,0,
mlada.in,checked,200,2026-08-25,8,yes,0,
molecularcompany.com,checked,200,2026-08-25,8,yes,0,
moreau-lyon.fr,checked,200,2026-08-25,8,yes,0,
mothersparsh.com,checked,200,2026-08-25,8,yes,0,
moxiebeauty.in,checked,200,2026-08-25,9,yes,0,
mybombae.in,checked,200,2026-08-25,9,yes,0,
myfitness.in,checked,200,2026-08-25,8,yes,0,
mysorepattu.com,checked,200,2026-08-25,8,yes,0,
nagulstrendycollections.com,checked,200,2026-08-25,8,yes,0,
nakpro.com,checked,200,2026-08-25,9,yes,0,
nbcpepsi.com,checked,200,2026-08-25,8,yes,0,
newbalance.com.co,checked,200,2026-08-25,9,yes,0,
nivaaya.in,checked,200,2026-08-25,9,yes,0,
nqlnstore.com,checked,200,2026-08-25,9,yes,0,
ohora.co.jp,checked,200,2026-08-25,8,yes,0,
okaimono-snoopy.jp,checked,200,2026-08-25,9,yes,0,
olgaperfume.com,checked,200,2026-08-25,9,yes,0,
ovaisabayacollection.in,checked,200,2026-08-25,8,yes,0,
patriciasicardi.com,checked,200,2026-08-25,9,yes,0,
peacockshop.in,checked,200,2026-08-25,8,yes,0,
peaksports.tn,checked,200,2026-08-25,8,yes,0,
pebblecart.com,checked,200,2026-08-25,8,yes,0,
pepco.bg,checked,200,2026-08-25,9,yes,0,
pepco.gr,checked,200,2026-08-25,9,yes,0,
pepco.it,checked,200,2026-08-25,9,yes,0,
phitku.com,checked,200,2026-08-25,9,yes,0,
piccadilly.com.ar,checked,200,2026-08-25,9,yes,0,
platanomelon.mx,checked,200,2026-08-25,9,yes,0,
prakrithibyramya.com,checked,200,2026-08-25,8,yes,0,
prao.com,checked,200,2026-08-25,9,yes,0,
preethiwear.in,checked,200,2026-08-25,9,yes,0,
pronk.in,checked,200,2026-08-25,9,yes,0,
qalamkar.com.pk,checked,200,2026-08-25,9,yes,0,
qixskateshop.com.br,checked,200,2026-08-25,9,yes,0,
queensjewellery.in,unreachable,,,,,,
ragesa.co.za,checked,200,2026-08-25,8,yes,0,
ramyanagendra.com,checked,200,2026-08-25,8,yes,0,
redcaard.com,checked,200,2026-08-25,8,yes,0,
refurbi.com.co,checked,200,2026-08-25,8,yes,0,
rosierfoods.com,checked,200,2026-08-25,8,yes,0,
rustorange.com,checked,200,2026-08-25,8,yes,0,
saffrron.in,checked,200,2026-08-25,8,yes,0,
sanfe.in,checked,200,2026-08-25,9,yes,0,
santhionlineplants.com,checked,200,2026-08-25,9,yes,0,
scrubsy.co.in,checked,200,2026-08-25,8,yes,0,
sharanz.com,checked,200,2026-08-25,8,yes,0,
sharkninja.in,checked,200,2026-08-25,9,yes,0,
shrishtijewels.in,checked,200,2026-08-25,9,yes,0,
simorra.com,checked,200,2026-08-25,9,yes,0,
simplikurta.com,checked,200,2026-08-25,9,yes,0,
skinhealthandyou.com,checked,200,2026-08-25,8,yes,0,
slovic.com,checked,200,2026-08-25,9,yes,0,
slsfashionworld.com,checked,200,2026-08-25,9,yes,0,
sowjanyastudios.com,checked,200,2026-08-25,8,yes,0,
store1914.in,checked,200,2026-08-25,8,yes,0,
stylejaipur.com,checked,200,2026-08-25,9,yes,0,
superyou.in,checked,200,2026-08-25,9,yes,0,
surma.in,checked,200,2026-08-25,8,yes,0,
suroskie.com,checked,200,2026-08-25,8,yes,0,
surplusfabric.com,checked,200,2026-08-25,8,yes,0,
sutisancha.com,checked,200,2026-08-25,9,yes,0,
tatanutrikorner.com,checked,200,2026-08-25,8,yes,0,
templedesigner.com,checked,200,2026-08-25,8,yes,0,
thayyilsports.in,checked,200,2026-08-25,8,yes,0,
thcasmallbuds.com,checked,200,2026-08-25,8,yes,0,
thehandstitch.com,checked,200,2026-08-25,8,yes,0,
thewalletstore.in,checked,200,2026-08-25,9,yes,0,
thewellnessshop.in,checked,200,2026-08-25,8,yes,0,
toykoo.in,checked,200,2026-08-25,8,yes,0,
treverlii.co.in,checked,200,2026-08-25,9,yes,0,
urbanshop.co.in,checked,200,2026-08-25,8,yes,0,
urbanyog.com,checked,200,2026-08-25,8,yes,0,
useauroradiva.com,checked,200,2026-08-25,8,yes,0,
uzhamagal.in,checked,200,2026-08-25,9,yes,0,
valenciapakistan.com,checked,200,2026-08-25,8,yes,0,
vincecare.com,checked,200,2026-08-25,9,yes,0,
vinodcookware.com,checked,200,2026-08-25,8,yes,0,
wellwithlife.com,checked,200,2026-08-25,8,yes,0,
whiffculture.com,no-profile,404,,,,,
wholesale-city.com,checked,200,2026-08-25,8,yes,0,
wwwcollections.in,checked,200,2026-08-25,8,yes,0,
xtremexmartialarts.com,checked,200,2026-08-25,8,yes,0,
yaleonline.in,checked,200,2026-08-25,8,yes,0,
yashbizz.com,checked,200,2026-08-25,9,yes,0,
zarif.pk,checked,200,2026-08-25,9,yes,0,
zonealpha.in,checked,200,2026-08-25,9,yes,0,
btartboxnails.com,checked,200,2026-08-25,8,yes,0,
trendzjewellery.in,checked,200,2026-08-25,9,yes,0,
fivestarfurniturega.com,checked,200,2026-08-25,9,yes,0,
oriclehearing.com,checked,200,2026-08-25,9,yes,0,
financialmodelslab.com,checked,200,2026-08-25,9,yes,0,
drinkwillies.com,checked,200,2026-08-25,9,yes,0,
orgain.com,checked,200,2026-08-25,8,yes,0,
withjean.com,checked,200,2026-08-25,9,yes,0,
theboutiquesoccer.com,checked,200,2026-08-25,9,yes,0,
engwe.com,checked,200,2026-08-25,8,yes,0,
pasweetdreams.com,checked,200,2026-08-25,9,yes,0,
artofplay.com,checked,200,2026-08-25,8,yes,0,
robinboutique.com,checked,200,2026-08-25,8,yes,0,
castaner.com,checked,200,2026-08-25,8,yes,0,
branchbasics.com,checked,200,2026-08-25,8,yes,0,
chillys.com,checked,200,2026-08-25,8,yes,0,
autorenwelt.de,checked,200,2026-08-25,8,yes,0,
hyggear.com,checked,200,2026-08-25,8,yes,0,
designeroptics.com,checked,200,2026-08-25,8,yes,0,
weadultshop.com,checked,200,2026-08-25,8,yes,0,
isleofwightdistillery.com,checked,200,2026-08-25,9,yes,0,
verawang.com,checked,200,2026-08-25,8,yes,0,
moonmagic.com,checked,200,2026-08-25,9,yes,0,
jaxmattress.com,checked,200,2026-08-25,9,yes,0,
duralex.com,checked,200,2026-08-25,8,yes,0,
hornblasters.com,checked,200,2026-08-25,9,yes,0,
bludot.com,checked,200,2026-08-25,9,yes,0,
wildphysiofitness.au,checked,200,2026-08-25,9,yes,0,
sharkrobot.com,checked,200,2026-08-25,9,yes,0,
cpapsupply.co.uk,checked,200,2026-08-25,9,yes,0,
bagsmart.com,checked,200,2026-08-25,9,yes,0,
undefeated.com,checked,200,2026-08-25,9,yes,0,
bluntcases.com,checked,200,2026-08-25,8,yes,0,
cpap.com,checked,200,2026-08-25,9,yes,0,
restaurantware.com,checked,200,2026-08-25,9,yes,0,
comme-avant.bio,checked,200,2026-08-25,8,yes,0,
untuckit.com,checked,200,2026-08-25,8,yes,0,
gamersguildaz.com,checked,200,2026-08-25,9,yes,0,
frankandeileen.com,checked,200,2026-08-25,8,yes,0,
vetain.de,checked,200,2026-08-25,8,yes,0,
irresistibleme.com,checked,200,2026-08-25,8,yes,0,
sewingpartsonline.com,checked,200,2026-08-25,8,yes,0,
glamorise.com,checked,200,2026-08-25,8,yes,0,
toraya-group.co.jp,checked,200,2026-08-25,8,yes,0,
aldoshoes.com.tr,checked,200,2026-08-25,9,yes,0,
epomaker.com,checked,200,2026-08-25,9,yes,0,
tandyleather.ca,checked,200,2026-08-25,8,yes,0,
castivaro.com,checked,200,2026-08-25,9,yes,0,
nixhomecenter.com,unreachable,,,,,,
nealsyardremedies.com,checked,200,2026-08-25,9,yes,0,
jennikayne.com,checked,200,2026-08-25,8,yes,0,
openelab.io,checked,200,2026-08-25,9,yes,0,
affordablefurniturebakersfield.com,checked,200,2026-08-25,8,yes,0,
hamacdubai.com,checked,200,2026-08-25,8,yes,0,
managhansfurniture.com,checked,200,2026-08-25,8,yes,0,
clevelandhomeoutlet.com,checked,200,2026-08-25,9,yes,0,
royalcopenhagen.com,checked,200,2026-08-25,8,yes,0,
skinnydiplondon.com,checked,200,2026-08-25,8,yes,0,
alastin.com,checked,200,2026-08-25,9,yes,0,
aop.com,checked,200,2026-08-25,8,yes,0,
mophie.com,checked,200,2026-08-25,9,yes,0,
gthic.com,checked,200,2026-08-25,9,yes,0,
nature-heart.de,checked,200,2026-08-25,8,yes,0,
drinktrade.com,checked,200,2026-08-25,9,yes,0,
shopnicksfurniture.com,checked,200,2026-08-25,9,yes,0,
weaverleathersupply.com,checked,200,2026-08-25,9,yes,0,
padelmarket.com,checked,200,2026-08-25,9,yes,0,
rosental.de,checked,200,2026-08-25,8,yes,0,
craneandcanopy.com,checked,200,2026-08-25,8,yes,0,
funcases.com,checked,200,2026-08-25,8,yes,0,
forevernew.co.in,checked,200,2026-08-25,8,yes,0,
eyedictive.com,checked,200,2026-08-25,8,yes,0,
jadlamracingmodels.com,checked,200,2026-08-25,8,yes,0,
eminent.com,checked,200,2026-08-25,9,yes,0,
feestkleding365.nl,checked,200,2026-08-25,8,yes,0,
stoneandtileshoppe.com,checked,200,2026-08-25,9,yes,0,
filofax.com,checked,200,2026-08-25,9,yes,0,
enchroma.com,checked,200,2026-08-25,8,yes,0,
faoschwarz.com,checked,200,2026-08-25,9,yes,0,
avemariapress.com,checked,200,2026-08-25,9,yes,0,
romeosfurniture.com,checked,200,2026-08-25,9,yes,0,
royalfurnituretx.com,checked,200,2026-08-25,9,yes,0,
snakeriverfarms.com,checked,200,2026-08-25,8,yes,0,
medicube.us,checked,200,2026-08-25,9,yes,0,
plourdefurniturecompany.com,checked,200,2026-08-25,8,yes,0,
hatsinthebelfry.com,checked,200,2026-08-25,9,yes,0,
decorhomefurniture.com,checked,200,2026-08-25,8,yes,0,
taut-strap.co.uk,checked,200,2026-08-25,9,yes,0,
modernfurniture-outlet.com,checked,200,2026-08-25,9,yes,0,
brinoa.com,checked,200,2026-08-25,8,yes,0,
beautycounter.com,checked,200,2026-08-25,9,yes,0,
casamorelosfurniture.com,checked,200,2026-08-25,9,yes,0,
thewarehouseutah.com,checked,200,2026-08-25,8,yes,0,
kleinfeldbridal.com,checked,200,2026-08-25,8,yes,0,
homestylefurnishingsbolivar.com,checked,200,2026-08-25,8,yes,0,
goda.co,checked,200,2026-08-25,8,yes,0,
haylou.com,checked,200,2026-08-25,9,yes,0,
munchkin.com,checked,200,2026-08-25,9,yes,0,
letseatit.com.br,checked,200,2026-08-25,9,yes,0,
tarotpuoti.fi,checked,200,2026-08-25,9,yes,0,
cardbrawlers.com,checked,200,2026-08-25,9,yes,0,
antiquejewelrymall.com,checked,200,2026-08-25,9,yes,0,
municipal.com,checked,200,2026-08-25,9,yes,0,
fandemoniagames.com,checked,200,2026-08-25,8,yes,0,
tilley.com,checked,200,2026-08-25,9,yes,0,
lyfairs.com,checked,200,2026-08-25,9,yes,0,
pilgrimgifts.co.uk,checked,200,2026-08-25,9,yes,0,
criquetshirts.com,checked,200,2026-08-25,8,yes,0,
drinkolipop.com,checked,200,2026-08-25,9,yes,0,
schutz-shoes.com,checked,200,2026-08-25,8,yes,0,
taylorstitch.com,checked,200,2026-08-25,8,yes,0,
budgetfurnituresd.com,checked,200,2026-08-25,9,yes,0,
aubainerie.com,checked,200,2026-08-25,8,yes,0,
thebookbundle.com,checked,200,2026-08-25,9,yes,0,
striderite.com,checked,200,2026-08-25,8,yes,0,
32estados.com,checked,200,2026-08-25,8,yes,0,
kozmoshoes.com,checked,200,2026-08-25,8,yes,0,
trinaturk.com,checked,200,2026-08-25,9,yes,0,
jaxxon.com,checked,200,2026-08-25,8,yes,0,
rails.com,checked,200,2026-08-25,9,yes,0,
naturepedic.com,checked,200,2026-08-25,8,yes,0,
shirtz.cool,checked,200,2026-08-25,9,yes,0,
macathomefurnitureandmattress.com,checked,200,2026-08-25,9,yes,0,
highcountrygardens.com,checked,200,2026-08-25,9,yes,0,
goodgames.com.au,checked,200,2026-08-25,8,yes,0,
strapya.com,checked,200,2026-08-25,8,yes,0,
yellowboxshoes.com,checked,200,2026-08-25,8,yes,0,
bikes.com,checked,200,2026-08-25,9,yes,0,
flabelus.com,checked,200,2026-08-25,9,yes,0,
goodhoodstore.com,checked,200,2026-08-25,9,yes,0,
deathwishcoffee.com,checked,200,2026-08-25,9,yes,0,
vintoz.com,checked,200,2026-08-25,9,yes,0,
pax.com,checked,200,2026-08-25,8,yes,0,
skechers.com.my,checked,200,2026-08-25,8,yes,0,
brikum.com,checked,200,2026-08-25,9,yes,0,
thehealthyhousehold.com.au,checked,200,2026-08-25,8,yes,0,
vlisco.com,checked,200,2026-08-25,8,yes,0,
akibashipping.com,checked,200,2026-08-25,9,yes,0,
bioliteenergy.com,checked,200,2026-08-25,8,yes,0,
deciem.com,checked,200,2026-08-25,8,yes,0,
iheartraves.com,checked,200,2026-08-25,8,yes,0,
tecnifibre.com,checked,200,2026-08-25,8,yes,0,
weston.com.sg,checked,200,2026-08-25,8,yes,0,
lamoodcomics.ca,checked,200,2026-08-25,9,yes,0,
cosabella.com,checked,200,2026-08-25,8,yes,0,
denydesigns.com,checked,200,2026-08-25,9,yes,0,
theemperorslane.com,checked,200,2026-08-25,8,yes,0,
pand.co,checked,200,2026-08-25,9,yes,0,
universitycoop.com,checked,200,2026-08-25,8,yes,0,
barcelonaled.com,checked,200,2026-08-25,9,yes,0,
muleyfreak.com,checked,200,2026-08-25,8,yes,0,
berkley-fishing.com,checked,200,2026-08-25,8,yes,0,
bike-room.com,checked,200,2026-08-25,8,yes,0,
vapouriz.co.uk,checked,200,2026-08-25,9,yes,0,
ghostlifestyle.com,checked,200,2026-08-25,9,yes,0,
furnitureworldsw.com,checked,200,2026-08-25,8,yes,0,
revivalrugs.com,checked,200,2026-08-25,8,yes,0,
itluggage.com,checked,200,2026-08-25,9,yes,0,
brooksengland.com,checked,200,2026-08-25,9,yes,0,
sunwatch.tokyo,checked,200,2026-08-25,8,yes,0,
ohsunny.com,no-profile,404,,,,,
soeur.fr,checked,200,2026-08-25,9,yes,0,
cultgaia.com,checked,200,2026-08-25,9,yes,0,
culturekings.com,checked,200,2026-08-25,8,yes,0,
orlando-furnitureoutlet.com,checked,200,2026-08-25,9,yes,0,
wickedbrick.com,checked,200,2026-08-25,9,yes,0,
aumandsfurniture.com,checked,200,2026-08-25,8,yes,0,
warmies.com,blocked,403,,,,,
ventafurnishings.com,checked,200,2026-08-25,9,yes,0,
fiftyflowers.com,checked,200,2026-08-25,8,yes,0,
gemonediamond.com,checked,200,2026-08-25,8,yes,0,
coricraft.co.za,checked,200,2026-08-25,8,yes,0,
perfumania.com,checked,200,2026-08-25,8,yes,0,
primary.com,checked,200,2026-08-25,8,yes,0,
deanguitars.com,checked,200,2026-08-25,9,yes,0,
izac.fr,checked,200,2026-08-25,8,yes,0,
revesderecho.com,checked,200,2026-08-25,8,yes,0,
vicfirth.com,checked,200,2026-08-25,9,yes,0,
motomachines.com,checked,200,2026-08-25,9,yes,0,
5hourenergy.com,checked,200,2026-08-25,9,yes,0,
cluse.com,checked,200,2026-08-25,9,yes,0,
smokeandmirrorshobby.com,checked,200,2026-08-25,9,yes,0,
brumate.com,checked,200,2026-08-25,9,yes,0,
eliesaab.com,checked,200,2026-08-25,9,yes,0,
jlindeberg.com,checked,200,2026-08-25,9,yes,0,
lecyclo.com,checked,200,2026-08-25,8,yes,0,
raintreenursery.com,checked,200,2026-08-25,9,yes,0,
redclawgaming.com,checked,200,2026-08-25,8,yes,0,
bouttowear.com,checked,200,2026-08-25,9,yes,0,
ember.com,checked,200,2026-08-25,9,yes,0,
thewildorchidmn.com,checked,200,2026-08-25,9,yes,0,
reformhaus.de,checked,200,2026-08-25,9,yes,0,
mygardyn.com,checked,200,2026-08-25,8,yes,0,
costafarms.com,checked,200,2026-08-25,8,yes,0,
shoplc.de,checked,200,2026-08-25,9,yes,0,
epitaph.com,checked,200,2026-08-25,8,yes,0,
inscale-scales.co.uk,checked,200,2026-08-25,9,yes,0,
austinfurnituredepot.com,checked,200,2026-08-25,9,yes,0,
arnoldclarkautoparts.com,checked,200,2026-08-25,8,yes,0,
metalomania.ca,checked,200,2026-08-25,8,yes,0,
triathlon.de,checked,200,2026-08-25,9,yes,0,
lamonarcafurniture.com,checked,200,2026-08-25,9,yes,0,
tibi.com,checked,200,2026-08-25,9,yes,0,
musiclily.com,checked,200,2026-08-25,8,yes,0,
belstaff.com,checked,200,2026-08-25,8,yes,0,
dissh.com,checked,200,2026-08-25,8,yes,0,
hatjecantz.de,checked,200,2026-08-25,8,yes,0,
modernlivingcalifornia.com,unreachable,409,,,,,
bullshardware.com,checked,200,2026-08-25,8,yes,0,
racetools.fr,checked,200,2026-08-25,9,yes,0,
laboiteny.com,checked,200,2026-08-25,9,yes,0,
suprememobiles.in,checked,200,2026-08-25,9,yes,0,
waterford.com,checked,200,2026-08-25,8,yes,0,
stiiizy.com,checked,200,2026-08-25,8,yes,0,
ryleeandcru.com,blocked,403,,,,,
gozney.com,checked,200,2026-08-25,8,yes,0,
lamartina.com,checked,200,2026-08-25,9,yes,0,
x10.com,checked,200,2026-08-25,8,yes,0,
wholelattelove.com,checked,200,2026-08-25,8,yes,0,
sawsoul.com,checked,200,2026-08-25,9,yes,0,
gaiaherbs.com,checked,200,2026-08-25,8,yes,0,
skygolf.com,checked,200,2026-08-25,8,yes,0,
knockaround.com,checked,200,2026-08-25,8,yes,0,
ninelineapparel.com,checked,200,2026-08-25,8,yes,0,
quintessencefrance.com,checked,200,2026-08-25,9,yes,0,
quizshop.co,checked,200,2026-08-25,8,yes,0,
missoma.com,checked,200,2026-08-25,8,yes,0,
aetrex.com,checked,200,2026-08-25,9,yes,0,
evosensors.com,checked,200,2026-08-25,9,yes,0,
thebeddingmart.com,checked,200,2026-08-25,9,yes,0,
gmktec.com,checked,200,2026-08-25,9,yes,0,
afends.com,checked,200,2026-08-25,9,yes,0,
rmsbeauty.com,checked,200,2026-08-25,9,yes,0,
soccerwearhouse.com,checked,200,2026-08-25,9,yes,0,
breakoutbras.com,checked,200,2026-08-25,9,yes,0,
licencedeals.com,checked,200,2026-08-25,8,yes,0,
tate-furniture.com,checked,200,2026-08-25,9,yes,0,
theouai.com,checked,200,2026-08-25,8,yes,0,
thrifted.com,checked,200,2026-08-25,8,yes,0,
nrsworld.com,checked,200,2026-08-25,9,yes,0,
supplyme.com,checked,200,2026-08-25,9,yes,0,
rollerrabbit.com,checked,200,2026-08-25,8,yes,0,
curioos.com,checked,200,2026-08-25,8,yes,0,
almacenesanfora.com,checked,200,2026-08-25,9,yes,0,
basicallybows.com,checked,200,2026-08-25,9,yes,0,
ashleypiercingjewelry.com,checked,200,2026-08-25,9,yes,0,
shopthemint.com,checked,200,2026-08-25,9,yes,0,
kingstarusa.com,checked,200,2026-08-25,9,yes,0,
firstlite.com,checked,200,2026-08-25,9,yes,0,
theinkeylist.com,checked,200,2026-08-25,9,yes,0,
diasporaco.com,checked,200,2026-08-25,9,yes,0,
hec.com,checked,200,2026-08-25,8,yes,0,
jaktstil.se,checked,200,2026-08-25,9,yes,0,
topodesigns.com,checked,200,2026-08-25,8,yes,0,
wildbounds.com,checked,200,2026-08-25,8,yes,0,
super7.com,checked,200,2026-08-25,8,yes,0,
xtrawine.com,checked,200,2026-08-25,8,yes,0,
shogunmartialarts.com.au,checked,200,2026-08-25,9,yes,0,
larroude.com,checked,200,2026-08-25,9,yes,0,
bikerringshop.com,checked,200,2026-08-25,9,yes,0,
a-pachinko.store,checked,200,2026-08-25,9,yes,0,
mmlafleur.com,checked,200,2026-08-25,9,yes,0,
paragonsports.com,checked,200,2026-08-25,8,yes,0,
liontoolsmart.com,checked,200,2026-08-25,8,yes,0,
visionsinfurnitureinc.com,checked,200,2026-08-25,9,yes,0,
steamforged.com,checked,200,2026-08-25,9,yes,0,
telldus.com,checked,200,2026-08-25,9,yes,0,
sekelskifte.com,checked,200,2026-08-25,9,yes,0,
rvpartshop.ca,checked,200,2026-08-25,9,yes,0,
pearlizumi.com,checked,200,2026-08-25,8,yes,0,
driveto.cz,checked,200,2026-08-25,9,yes,0,
revell.de,checked,200,2026-08-25,9,yes,0,
getionix.com,checked,200,2026-08-25,8,yes,0,
bbbranded.com,checked,200,2026-08-25,8,yes,0,
ferndate.com,checked,200,2026-08-25,8,yes,0,
plgautomation.com,checked,200,2026-08-25,9,yes,0,
galileosports.shop,checked,200,2026-08-25,9,yes,0,
hiyahealth.com,checked,200,2026-08-25,8,yes,0,
livefresh.de,checked,200,2026-08-25,9,yes,0,
multizone.ca,checked,200,2026-08-25,9,yes,0,
mova.tech,checked,200,2026-08-25,9,yes,0,
ringconcierge.com,checked,200,2026-08-25,9,yes,0,
danidazey.com,checked,200,2026-08-25,9,yes,0,
homelinefurniture.co,checked,200,2026-08-25,9,yes,0,
livingproof.com,checked,200,2026-08-25,8,yes,0,
ramseyoutdoor.com,checked,200,2026-08-25,8,yes,0,
retromanufacturing.com,checked,200,2026-08-25,9,yes,0,
pacificabeauty.com,checked,200,2026-08-25,8,yes,0,
thuma.co,checked,200,2026-08-25,9,yes,0,
sereneherbs.com,checked,200,2026-08-25,9,yes,0,
micromark.com,checked,200,2026-08-25,9,yes,0,
ima-usa.com,checked,200,2026-08-25,9,yes,0,
dellonline.co.za,checked,200,2026-08-25,8,yes,0,
swiglife.com,checked,200,2026-08-25,8,yes,0,
twinkly.com,checked,200,2026-08-25,9,yes,0,
englishelm.com,checked,200,2026-08-25,8,yes,0,
solestop.com,checked,200,2026-08-25,8,yes,0,
helvetus.com,checked,200,2026-08-25,8,yes,0,
agjeans.com,checked,200,2026-08-25,9,yes,0,
istudio.store,checked,200,2026-08-25,9,yes,0,
royalchessmall.com,checked,200,2026-08-25,8,yes,0,
ralakde.com,checked,200,2026-08-25,9,yes,0,
az-delivery.de,checked,200,2026-08-25,8,yes,0,
platenzaak.nl,checked,200,2026-08-25,8,yes,0,
thermos.com,checked,200,2026-08-25,8,yes,0,
bouwmaat.nl,checked,200,2026-08-25,9,yes,0,
laboutiqueducheveu.com,checked,200,2026-08-25,9,yes,0,
gentrychoice.com.au,checked,200,2026-08-25,8,yes,0,
strikeanywhere.co,checked,200,2026-08-25,9,yes,0,
24bottles.com,checked,200,2026-08-25,9,yes,0,
discountfurnitureburlington.com,checked,200,2026-08-25,9,yes,0,
eio.com,checked,200,2026-08-25,8,yes,0,
phyn.com,checked,200,2026-08-25,9,yes,0,
chicme.com,checked,200,2026-08-25,9,yes,0,
oxva.com,checked,200,2026-08-25,8,yes,0,
gipys.it,checked,200,2026-08-25,8,yes,0,
warn.com,checked,200,2026-08-25,9,yes,0,
bougerv.com,checked,200,2026-08-25,8,yes,0,
ulanka.com,checked,200,2026-08-25,9,yes,0,
refurb.io,checked,200,2026-08-25,8,yes,0,
damsonmadder.com,checked,200,2026-08-25,9,yes,0,
aooacalipercovers.com,checked,200,2026-08-25,9,yes,0,
jcarpart.com,checked,200,2026-08-25,9,yes,0,
olivetreepeople.com,checked,200,2026-08-25,9,yes,0,
deepersonar.com,checked,200,2026-08-25,8,yes,0,
fabricwholesaledirect.com,checked,200,2026-08-25,8,yes,0,
dreamhomefurniture.com,checked,200,2026-08-25,9,yes,0,
pokemonplug.com,checked,200,2026-08-25,8,yes,0,
dutchbulbs.com,checked,200,2026-08-25,9,yes,0,
bonpoint.com,checked,200,2026-08-25,9,yes,0,
graeters.com,checked,200,2026-08-25,8,yes,0,
elderly.com,checked,200,2026-08-25,9,yes,0,
grounded.so,checked,200,2026-08-25,8,yes,0,
thewoodveneerhub.com,checked,200,2026-08-25,9,yes,0,
ethicspress.com,checked,200,2026-08-25,9,yes,0,
melin.com,checked,200,2026-08-25,9,yes,0,
hexnub.com,checked,200,2026-08-25,8,yes,0,
medpak.shop,checked,200,2026-08-25,8,yes,0,
queendancer.co.uk,checked,200,2026-08-25,9,yes,0,
wundermix.de,checked,200,2026-08-25,9,yes,0,
newyorkdress.com,checked,200,2026-08-25,9,yes,0,
timex.eu,checked,200,2026-08-25,8,yes,0,
darntough.com.tw,checked,200,2026-08-25,9,yes,0,
4-rth.com,checked,200,2026-08-25,9,yes,0,
boozyshop.nl,checked,200,2026-08-25,8,yes,0,
urotuning.com,checked,200,2026-08-25,9,yes,0,
tumbleliving.com,checked,200,2026-08-25,9,yes,0,
goli.com,checked,200,2026-08-25,8,yes,0,
remedyliquor.com,checked,200,2026-08-25,9,yes,0,
cultpens.com,checked,200,2026-08-25,8,yes,0,
weloveleds.co.uk,checked,200,2026-08-25,9,yes,0,
voiceandvideosales.com,checked,200,2026-08-25,9,yes,0,
topsandbottomsusa.com,checked,200,2026-08-25,9,yes,0,
homerunsports.com,checked,200,2026-08-25,9,yes,0,
maximo-moto.com,checked,200,2026-08-25,8,yes,0,
miamiheatstore.com,checked,200,2026-08-25,9,yes,0,
citysuper.com.hk,checked,200,2026-08-25,8,yes,0,
oilperfumery.com,checked,200,2026-08-25,9,yes,0,
bonnegueule.fr,checked,200,2026-08-25,8,yes,0,
beginningboutique.com.au,checked,200,2026-08-25,9,yes,0,
pokemillon.com,checked,200,2026-08-25,8,yes,0,
mjfootwear.com,checked,200,2026-08-25,9,yes,0,
watchesandcrystals.com,checked,200,2026-08-25,8,yes,0,
buykud.com,checked,200,2026-08-25,8,yes,0,
duelkingdom.ca,checked,200,2026-08-25,9,yes,0,
nakedandfamousdenim.com,checked,200,2026-08-25,8,yes,0,
keelerhardware.com.au,checked,200,2026-08-25,8,yes,0,
charbroil.com,checked,200,2026-08-25,9,yes,0,
derschutze.com,checked,200,2026-08-25,9,yes,0,
highlandtitles.com,checked,200,2026-08-25,8,yes,0,
jandbmenswear.com,checked,200,2026-08-25,9,yes,0,
mandimart.co.uk,checked,200,2026-08-25,9,yes,0,
blundstone.com,checked,200,2026-08-25,9,yes,0,
sainsmart.com,checked,200,2026-08-25,9,yes,0,
ironstudios.com,checked,200,2026-08-25,9,yes,0,
cutsclothing.com,checked,200,2026-08-25,9,yes,0,
intelligentchange.com,checked,200,2026-08-25,9,yes,0,
psydeck.com,checked,200,2026-08-25,9,yes,0,
shopimpressions.com,checked,200,2026-08-25,8,yes,0,
sonance.com,checked,200,2026-08-25,9,yes,0,
3broswarehouse.com,checked,200,2026-08-25,8,yes,0,
terrysfabrics.co.uk,checked,200,2026-08-25,9,yes,0,
saboskirt.com,checked,200,2026-08-25,9,yes,0,
factoryfurnituremattressandmore.com,checked,200,2026-08-25,8,yes,0,
escortradar.com,checked,200,2026-08-25,9,yes,0,
wineandcheeseplace.com,checked,200,2026-08-25,9,yes,0,
printfresh.com,checked,200,2026-08-25,8,yes,0,
baisegaba.com,checked,200,2026-08-25,8,yes,0,
hatley.com,checked,200,2026-08-25,9,yes,0,
vintageclubclothing.com,checked,200,2026-08-25,9,yes,0,
justintimewatchstores.com,checked,200,2026-08-25,9,yes,0,
marinemax.com,checked,200,2026-08-25,8,yes,0,
harrisseeds.com,checked,200,2026-08-25,9,yes,0,
frankiesbikinis.com,checked,200,2026-08-25,9,yes,0,
vegogarden.com,checked,200,2026-08-25,9,yes,0,
balardi.com,checked,200,2026-08-25,8,yes,0,
tiendacereza.com,checked,200,2026-08-25,8,yes,0,
furniturebazaarli.com,checked,200,2026-08-25,9,yes,0,
estrid.com,checked,200,2026-08-25,8,yes,0,
awesomediecast.com,checked,200,2026-08-25,9,yes,0,
popilush.com,checked,200,2026-08-25,9,yes,0,
furniture-2go.com,checked,200,2026-08-25,8,yes,0,
mackweldon.com,checked,200,2026-08-25,8,yes,0,
holabirdsports.com,checked,200,2026-08-25,8,yes,0,
watertrucks.com,checked,200,2026-08-25,8,yes,0,
dimensionaloutletfurniture.com,checked,200,2026-08-25,9,yes,0,
furniture4lessnc.com,checked,200,2026-08-25,8,yes,0,
campchef.com,checked,200,2026-08-25,8,yes,0,
naturehike.com,checked,200,2026-08-25,9,yes,0,
learningtreetoys.com,checked,200,2026-08-25,9,yes,0,
gsequestrian.co.uk,checked,200,2026-08-25,8,yes,0,
decalgirl.com,checked,200,2026-08-25,9,yes,0,
coreequipment.com,checked,200,2026-08-25,9,yes,0,
arhamcommerce.com,checked,200,2026-08-25,8,yes,0,
luxurylife.com.tw,checked,200,2026-08-25,8,yes,0,
myappgurus.com,checked,200,2026-08-25,9,yes,0,
margauxny.com,checked,200,2026-08-25,8,yes,0,
twc.health,checked,200,2026-08-25,8,yes,0,
greekflavours.com,checked,200,2026-08-25,8,yes,0,
modernskate.com,checked,200,2026-08-25,9,yes,0,
vitamingrocer.com,checked,200,2026-08-25,9,yes,0,
astronomyplus.com,checked,200,2026-08-25,9,yes,0,
hotelcollection.com,checked,200,2026-08-25,8,yes,0,
mustangsurvival.com,checked,200,2026-08-25,9,yes,0,
linjer.co,checked,200,2026-08-25,8,yes,0,
jolynclothing.com,checked,200,2026-08-25,9,yes,0,
yokishop.com,checked,200,2026-08-25,9,yes,0,
focuscamera.com,checked,200,2026-08-25,8,yes,0,
ridgeandriver.com,checked,200,2026-08-25,8,yes,0,
corseteriasingular.com,checked,200,2026-08-25,9,yes,0,
pacsafe.com,checked,200,2026-08-25,8,yes,0,
fireballtool.com,checked,200,2026-08-25,8,yes,0,
thewebster.com,checked,200,2026-08-25,8,yes,0,
drool-art.com,checked,200,2026-08-25,9,yes,0,
melindamaria.com,checked,200,2026-08-25,8,yes,0,
footwearmenders.com,checked,200,2026-08-25,9,yes,0,
mandarinaduck.com,checked,200,2026-08-25,9,yes,0,
serta.com,checked,200,2026-08-25,8,yes,0,
bottleofitaly.com,checked,200,2026-08-25,9,yes,0,
bankspower.com,checked,200,2026-08-25,9,yes,0,
theyetee.com,checked,200,2026-08-25,8,yes,0,
safeandvaultstore.com,checked,200,2026-08-25,9,yes,0,
popfizzpaper.com,checked,200,2026-08-25,8,yes,0,
azucardulcerias.com,checked,200,2026-08-25,8,yes,0,
smnovella.com,checked,200,2026-08-25,8,yes,0,
zaqq.ie,checked,200,2026-08-25,8,yes,0,
qrioh.com,checked,200,2026-08-25,9,yes,0,
sheergirl.com,checked,200,2026-08-25,9,yes,0,
morilee.com,checked,200,2026-08-25,8,yes,0,
hydrafacial.com,checked,200,2026-08-25,9,yes,0,
thingsilikethingsilove.com,checked,200,2026-08-25,9,yes,0,
abchome.com,checked,200,2026-08-25,8,yes,0,
beginningboutique.com,checked,200,2026-08-25,8,yes,0,
americanhatmakers.com,checked,200,2026-08-25,9,yes,0,
heybike.com,checked,200,2026-08-25,8,yes,0,
newlandfloorsanddoors.co.uk,checked,200,2026-08-25,9,yes,0,
doss.co.id,checked,200,2026-08-25,9,yes,0,
nintendo.co.za,checked,200,2026-08-25,8,yes,0,
lux-case.ie,checked,200,2026-08-25,8,yes,0,
blueowl.us,checked,200,2026-08-25,9,yes,0,
shrine.io,checked,200,2026-08-25,8,yes,0,
lifespankids.com.au,checked,200,2026-08-25,8,yes,0,
butlers.com,checked,200,2026-08-25,9,yes,0,
dissh.com.au,checked,200,2026-08-25,8,yes,0,
baikalla.com,checked,200,2026-08-25,9,yes,0,
bedrop.de,checked,200,2026-08-25,9,yes,0,
dartscorner.co.uk,checked,200,2026-08-25,9,yes,0,
selkirk.com,checked,200,2026-08-25,8,yes,0,
only.in,checked,200,2026-08-25,8,yes,0,
citywatches.co.nz,checked,200,2026-08-25,9,yes,0,
donsfurniture.com,checked,200,2026-08-25,9,yes,0,
thehydrojug.com,checked,200,2026-08-25,8,yes,0,
allergyresearchgroup.com,checked,200,2026-08-25,8,yes,0,
takomabicycle.com,checked,200,2026-08-25,9,yes,0,
gamersparadisela.com,checked,200,2026-08-25,9,yes,0,
jamesperse.com,checked,200,2026-08-25,8,yes,0,
allegra-k.com,checked,200,2026-08-25,9,yes,0,
lgparts.com,checked,200,2026-08-25,9,yes,0,
xbyx.de,checked,200,2026-08-25,9,yes,0,
andyokay.com,checked,200,2026-08-25,9,yes,0,
wanimo.com,checked,200,2026-08-25,8,yes,0,
milanicosmetics.com,checked,200,2026-08-25,8,yes,0,
hifishgear.com,checked,200,2026-08-25,8,yes,0,
zulusgames.com,checked,200,2026-08-25,9,yes,0,
tribelacrosse.com,checked,200,2026-08-25,9,yes,0,
lancel.com,checked,200,2026-08-25,8,yes,0,
dragoongaming.co.uk,checked,200,2026-08-25,8,yes,0,
monroeinstitute.org,checked,200,2026-08-25,9,yes,0,
ericclapton.com,checked,200,2026-08-25,9,yes,0,
trybronoir.com,checked,200,2026-08-25,8,yes,0,
triangl.com,checked,200,2026-08-25,8,yes,0,
churchsupplywarehouse.com,checked,200,2026-08-25,8,yes,0,
allyfashion.com,checked,200,2026-08-25,8,yes,0,
papermart.com,checked,200,2026-08-25,8,yes,0,
deuscustoms.com,checked,200,2026-08-25,8,yes,0,
patta.nl,checked,200,2026-08-25,8,yes,0,
jlindebergusa.com,checked,200,2026-08-25,8,yes,0,
perfumarie.com,checked,200,2026-08-25,8,yes,0,
womensbest.com,checked,200,2026-08-25,9,yes,0,
hausoftools.com,checked,200,2026-08-25,8,yes,0,
utzsnacks.com,checked,200,2026-08-25,8,yes,0,
yunnansourcing.com,checked,200,2026-08-25,9,yes,0,
openfarmpet.com,checked,200,2026-08-25,9,yes,0,
outofprint.com,checked,200,2026-08-25,8,yes,0,
liquitex.com,checked,200,2026-08-25,8,yes,0,
aljawaher.online,checked,200,2026-08-25,8,yes,0,
drinkarizona.com,checked,200,2026-08-25,9,yes,0,
phlur.com,checked,200,2026-08-25,9,yes,0,
goodstoneinc.com,checked,200,2026-08-25,8,yes,0,
glenmorangie.com,checked,200,2026-08-25,8,yes,0,
wallblush.com,checked,200,2026-08-25,9,yes,0,
tomsofmaine.com,checked,200,2026-08-25,9,yes,0,
lakeside.com,checked,200,2026-08-25,9,yes,0,
heirloomroses.com,checked,200,2026-08-25,9,yes,0,
reliableaftermarketparts.com,checked,200,2026-08-25,9,yes,0,
numpfer.com,checked,200,2026-08-25,9,yes,0,
tribesigns.com,checked,200,2026-08-25,9,yes,0,
gasmonkeygarage.com,checked,200,2026-08-25,9,yes,0,
vanlier.nl,checked,200,2026-08-25,9,yes,0,
furnituregallerystore.com,checked,200,2026-08-25,8,yes,0,
brodandtaylor.com,checked,200,2026-08-25,9,yes,0,
steveweissmusic.com,checked,200,2026-08-25,8,yes,0,
studiosuits.com,checked,200,2026-08-25,9,yes,0,
hdasianart.com,checked,200,2026-08-25,9,yes,0,
allbrandsfurniture.net,checked,200,2026-08-25,9,yes,0,
bremont.com,checked,200,2026-08-25,8,yes,0,
telfar.net,checked,200,2026-08-25,8,yes,0,
sneakerpolitics.com,checked,200,2026-08-25,9,yes,0,
biologique-recherche.com,checked,200,2026-08-25,9,yes,0,
moonstreefarm.com,checked,200,2026-08-25,9,yes,0,
cabinetstogo.com,checked,200,2026-08-25,8,yes,0,
purekana.com,checked,200,2026-08-25,8,yes,0,
kknekki.com,checked,200,2026-08-25,9,yes,0,
aroma360.com,checked,200,2026-08-25,8,yes,0,
zpacks.com,checked,200,2026-08-25,8,yes,0,
ringconn.com,checked,200,2026-08-25,8,yes,0,
piazzaitalia.it,checked,200,2026-08-25,8,yes,0,
toolnut.com,checked,200,2026-08-25,8,yes,0,
bloxxer.gg,checked,200,2026-08-25,9,yes,0,
lblyxir.com,checked,200,2026-08-25,9,yes,0,
gameden.com,checked,200,2026-08-25,9,yes,0,
howdybrewer.com,checked,200,2026-08-25,9,yes,0,
zanducare.com,checked,200,2026-08-25,9,yes,0,
shophq.com,checked,200,2026-08-25,8,yes,0,
only-games.co,checked,200,2026-08-25,9,yes,0,
musiconvinyl.com,checked,200,2026-08-25,8,yes,0,
leds.shop,checked,200,2026-08-25,9,yes,0,
animota.net,checked,200,2026-08-25,9,yes,0,
charliebcollection.com,checked,200,2026-08-25,9,yes,0,
plazashoestore.com,checked,200,2026-08-25,8,yes,0,
spectrumgaming.com.au,unreachable,401,,,,,
kingartco.com,checked,200,2026-08-25,9,yes,0,
chiquel.com,checked,200,2026-08-25,9,yes,0,
prde.jp,checked,200,2026-08-25,9,yes,0,
kissusa.com,checked,200,2026-08-25,9,yes,0,
citizensofhumanity.com,checked,200,2026-08-25,8,yes,0,
greenpan.us,checked,200,2026-08-25,9,yes,0,
debiersalon.nl,checked,200,2026-08-25,8,yes,0,
notedaromas.co.uk,checked,200,2026-08-25,8,yes,0,
heimplanet.com,checked,200,2026-08-25,8,yes,0,
edasitalia.it,checked,200,2026-08-25,9,yes,0,
vessi.com,checked,200,2026-08-25,8,yes,0,
oliviakate.nl,checked,200,2026-08-25,9,yes,0,
goodsstores.com,checked,200,2026-08-25,9,yes,0,
krausjeans.com,checked,200,2026-08-25,8,yes,0,
sentelabs.com,checked,200,2026-08-25,9,yes,0,
jenniferbehr.com,checked,200,2026-08-25,8,yes,0,
pilgrim.net,checked,200,2026-08-25,8,yes,0,
selmer.fr,checked,200,2026-08-25,8,yes,0,
willienelson.com,checked,200,2026-08-25,8,yes,0,
silixwear.com,checked,200,2026-08-25,9,yes,0,
rohrerseeds.com,checked,200,2026-08-25,9,yes,0,
westcoastseeds.com,checked,200,2026-08-25,8,yes,0,
copperpearl.com,checked,200,2026-08-25,8,yes,0,
longleyfarm.com,checked,200,2026-08-25,8,yes,0,
tatesbakeshop.com,checked,200,2026-08-25,8,yes,0,
costumesupercenter.com,checked,200,2026-08-25,8,yes,0,
tiffen.com,checked,200,2026-08-25,9,yes,0,
kidshalloweencostumes.com,checked,200,2026-08-25,9,yes,0,
designbysi.se,checked,200,2026-08-25,9,yes,0,
kellerheartt.com,checked,200,2026-08-25,8,yes,0,
onlynaturalpet.com,checked,200,2026-08-25,8,yes,0,
monsterpiercing.com,checked,200,2026-08-25,9,yes,0,
jaycotts.co.uk,checked,200,2026-08-25,8,yes,0,
wyecliffe.com,checked,200,2026-08-25,8,yes,0,
merchant1948.co.nz,checked,200,2026-08-25,8,yes,0,
medterracbd.com,checked,200,2026-08-25,8,yes,0,
maglite.com,checked,200,2026-08-25,9,yes,0,
larisashomefurnishings.com,checked,200,2026-08-25,8,yes,0,
sweetfurniture.com,checked,200,2026-08-25,8,yes,0,
artfulhome.com,checked,200,2026-08-25,8,yes,0,
curlystop.com,checked,200,2026-08-25,8,yes,0,
winechateau.com,checked,200,2026-08-25,9,yes,0,
dieselpowerproducts.com,checked,200,2026-08-25,8,yes,0,
welzo.com,checked,200,2026-08-25,8,yes,0,
elitefts.com,checked,200,2026-08-25,8,yes,0,
agapee.com,checked,200,2026-08-25,9,yes,0,
2brokegirlsboutique.com,checked,200,2026-08-25,8,yes,0,
scintex.com.au,checked,200,2026-08-25,8,yes,0,
furnitureplaceusa.com,checked,200,2026-08-25,9,yes,0,
gr8fires.co.uk,checked,200,2026-08-25,9,yes,0,
mephisto.com,checked,200,2026-08-25,9,yes,0,
motoworld.com.ph,checked,200,2026-08-25,8,yes,0,
chhajedgarden.com,checked,200,2026-08-25,8,yes,0,
pepiniere.ca,checked,200,2026-08-25,8,yes,0,
creativememories.com,checked,200,2026-08-25,8,yes,0,
blueskyvitamin.com,checked,200,2026-08-25,8,yes,0,
negativeunderwear.com,checked,200,2026-08-25,9,yes,0,
joyfullook.com,checked,200,2026-08-25,9,yes,0,
burga.de,checked,200,2026-08-25,9,yes,0,
livefastdieyoung.com,checked,200,2026-08-25,9,yes,0,
bakersgas.com,checked,200,2026-08-25,9,yes,0,
omhucph.com,checked,200,2026-08-25,8,yes,0,
hughmcelvannamenswear.com,checked,200,2026-08-25,9,yes,0,
hydrobuilder.com,checked,200,2026-08-25,9,yes,0,
cellucor.com,checked,200,2026-08-25,9,yes,0,
otterbox.eu,checked,200,2026-08-25,8,yes,0,
purefishing.com,checked,200,2026-08-25,9,yes,0,
lavera.de,checked,200,2026-08-25,9,yes,0,
bellerose.com,checked,200,2026-08-25,8,yes,0,
smilodox.com,checked,200,2026-08-25,8,yes,0,
businesstrainingmedia.com,checked,200,2026-08-25,9,yes,0,
lagreentouch.it,checked,200,2026-08-25,8,yes,0,
etnies.com,checked,200,2026-08-25,8,yes,0,
ohuhu.com,checked,200,2026-08-25,9,yes,0,
hellomerch.com,checked,200,2026-08-25,9,yes,0,
blackmooncosmetics.com,checked,200,2026-08-25,9,yes,0,
vintageradar.com,checked,200,2026-08-25,8,yes,0,
rudsak.com,checked,200,2026-08-25,9,yes,0,
indy.com.ar,checked,200,2026-08-25,8,yes,0,
tatamifightwear.com,checked,200,2026-08-25,9,yes,0,
icuracao.com,checked,200,2026-08-25,9,yes,0,
marielove.de,checked,200,2026-08-25,8,yes,0,
jovianarchive.com,checked,200,2026-08-25,9,yes,0,
sakeshop.com.au,checked,200,2026-08-25,9,yes,0,
gargtrader.com,checked,200,2026-08-25,8,yes,0,
docos.us,checked,200,2026-08-25,8,yes,0,
decked.com,checked,200,2026-08-25,9,yes,0,
mayfeyr.com,checked,200,2026-08-25,9,yes,0,
bombatex.com,checked,200,2026-08-25,9,yes,0,
dutch.com,checked,200,2026-08-25,8,yes,0,
lehighfurniture.com,checked,200,2026-08-25,9,yes,0,
leagueoutfitters.com,checked,200,2026-08-25,8,yes,0,
levi.co.za,checked,200,2026-08-25,9,yes,0,
switch-nails.com,checked,200,2026-08-25,9,yes,0,
boxed2me.co.uk,checked,200,2026-08-25,9,yes,0,
tsuchiya-kaban-global.com,checked,200,2026-08-25,8,yes,0,
uvapeshop.com,checked,200,2026-08-25,9,yes,0,
abclothes.store,checked,200,2026-08-25,9,yes,0,
nydj.com,checked,200,2026-08-25,8,yes,0,
fayrouzstyle.com,checked,200,2026-08-25,9,yes,0,
karenwalker.com,checked,200,2026-08-25,9,yes,0,
everydaydose.com,checked,200,2026-08-25,8,yes,0,
midwestapplianceparts.com,checked,200,2026-08-25,9,yes,0,
woodhousespas.com,checked,200,2026-08-25,9,yes,0,
sunhomesaunas.com,checked,200,2026-08-25,9,yes,0,
tonysfurnitureandmattressatl.com,checked,200,2026-08-25,9,yes,0,
reneesgarden.com,checked,200,2026-08-25,8,yes,0,
frostnyc.com,checked,200,2026-08-25,8,yes,0,
amiri.com,checked,200,2026-08-25,9,yes,0,
motelamiio.com,checked,200,2026-08-25,9,yes,0,
kemimoto.com,checked,200,2026-08-25,8,yes,0,
tactical-medicine.com,checked,200,2026-08-25,8,yes,0,
headsweats.com,checked,200,2026-08-25,8,yes,0,
lazermusic.com.ph,checked,200,2026-08-25,9,yes,0,
cutleryandmore.com,checked,200,2026-08-25,8,yes,0,
palaceskateboards.com,checked,200,2026-08-25,8,yes,0,
12thtribe.com,checked,200,2026-08-25,8,yes,0,
audioadvice.com,checked,200,2026-08-25,9,yes,0,
noahkahan.com,checked,200,2026-08-25,8,yes,0,
mauidivers.com,checked,200,2026-08-25,9,yes,0,
nailsinc.com,checked,200,2026-08-25,9,yes,0,
adrenalinercracing.com,checked,200,2026-08-25,8,yes,0,
forza.nz,checked,200,2026-08-25,9,yes,0,
createwhite.com,checked,200,2026-08-25,9,yes,0,
chicknlegs.com,checked,200,2026-08-25,8,yes,0,
smileset.com,checked,200,2026-08-25,9,yes,0,
missmrperfectoftheyear.com,checked,200,2026-08-25,9,yes,0,
brokenenglishjewelry.com,checked,200,2026-08-25,8,yes,0,
joyfolie.com,checked,200,2026-08-25,9,yes,0,
pooky.com,checked,200,2026-08-25,9,yes,0,
westman-atelier.com,checked,200,2026-08-25,8,yes,0,
epicreads.com,checked,200,2026-08-25,9,yes,0,
stelladot.com,checked,200,2026-08-25,8,yes,0,
gameshaventcg.com,checked,200,2026-08-25,8,yes,0,
btosports.com,checked,200,2026-08-25,9,yes,0,
artbymaudsch.com,checked,200,2026-08-25,9,yes,0,
kevinscatalog.com,checked,200,2026-08-25,9,yes,0,
itsukijapan.com,checked,200,2026-08-25,8,yes,0,
outletshoesmx.com,checked,200,2026-08-25,8,yes,0,
moogaudio.com,checked,200,2026-08-25,9,yes,0,
trueseamoss.com,checked,200,2026-08-25,8,yes,0,
atlasstationers.com,checked,200,2026-08-25,8,yes,0,
hanzdriven.com,checked,200,2026-08-25,8,yes,0,
merachfit.com,checked,200,2026-08-25,8,yes,0,
yvex.de,checked,200,2026-08-25,8,yes,0,
partsvu.com,checked,200,2026-08-25,8,yes,0,
dalstrong.com,checked,200,2026-08-25,9,yes,0,
basilknipe.com,checked,200,2026-08-25,9,yes,0,
dagnedover.com,checked,200,2026-08-25,9,yes,0,
buffetti.it,checked,200,2026-08-25,9,yes,0,
furnituredirect411.com,checked,200,2026-08-25,8,yes,0,
12ozprophet.com,checked,200,2026-08-25,8,yes,0,
wolycasa.com.br,checked,200,2026-08-25,9,yes,0,
hammerhead.io,checked,200,2026-08-25,8,yes,0,
gossamergear.com,checked,200,2026-08-25,8,yes,0,
mudwtr.com,checked,200,2026-08-25,8,yes,0,
alcenero.com,checked,200,2026-08-25,8,yes,0,
saalt.com,checked,200,2026-08-25,8,yes,0,
charlie-paris.com,checked,200,2026-08-25,8,yes,0,
thinx.com,checked,200,2026-08-25,8,yes,0,
jimmybeanswool.com,checked,200,2026-08-25,9,yes,0,
mamakana.com,checked,200,2026-08-25,9,yes,0,
allsecurityequipment.com,checked,200,2026-08-25,9,yes,0,
rashiratanbhagya.com,checked,200,2026-08-25,9,yes,0,
lapetiteetoile.com,checked,200,2026-08-25,8,yes,0,
stio.com,checked,200,2026-08-25,8,yes,0,
kiierrhealth.com,checked,200,2026-08-25,8,yes,0,
mariettaoutlet.com,checked,200,2026-08-25,8,yes,0,
shopuniversal.com,checked,200,2026-08-25,9,yes,0,
901homefurniture.com,checked,200,2026-08-25,8,yes,0,
007store.com,checked,200,2026-08-25,8,yes,0,
lib-tech.com,checked,200,2026-08-25,8,yes,0,
vincerocollective.com,checked,200,2026-08-25,9,yes,0,
uscargocontrol.com,checked,200,2026-08-25,8,yes,0,
titus.de,checked,200,2026-08-25,8,yes,0,
bayshorefurniture.com,checked,200,2026-08-25,9,yes,0,
medichecks.com,checked,200,2026-08-25,9,yes,0,
omniluxled.com,checked,200,2026-08-25,8,yes,0,
lesleyevers.com,checked,200,2026-08-25,8,yes,0,
tappfurn.com,checked,200,2026-08-25,8,yes,0,
bayinkjet.com,checked,200,2026-08-25,9,yes,0,
belgameubelen.be,checked,200,2026-08-25,9,yes,0,
sweet-pants.com,checked,200,2026-08-25,8,yes,0,
taser.com,checked,200,2026-08-25,9,yes,0,
jolyn.com,checked,200,2026-08-25,9,yes,0,
polejunkie.com,checked,200,2026-08-25,8,yes,0,
duiko.guru,checked,200,2026-08-25,9,yes,0,
sunfounder.com,checked,200,2026-08-25,8,yes,0,
famsafurniture.com,checked,200,2026-08-25,9,yes,0,
libernovo.com,checked,200,2026-08-25,9,yes,0,
starweine.com,checked,200,2026-08-25,9,yes,0,
justcbdstore.com,checked,200,2026-08-25,8,yes,0,
reddress.com,checked,200,2026-08-25,8,yes,0,
skandishop.com,checked,200,2026-08-25,9,yes,0,
stockroom.com,checked,200,2026-08-25,8,yes,0,
jessicasimpson.com,checked,200,2026-08-25,9,yes,0,
sigmasports.com,checked,200,2026-08-25,9,yes,0,
svsound.com,checked,200,2026-08-25,9,yes,0,
recordstore.co.uk,checked,200,2026-08-25,8,yes,0,
pelagicgear.com,checked,200,2026-08-25,8,yes,0,
vilrita.lt,checked,200,2026-08-25,8,yes,0,
soundpro.com,checked,200,2026-08-25,8,yes,0,
rkflife.com,checked,200,2026-08-25,8,yes,0,
krewe.com,checked,200,2026-08-25,9,yes,0,
wellnesswarehouse.com,checked,200,2026-08-25,9,yes,0,
newrock.com,checked,200,2026-08-25,9,yes,0,
lornajane.com.au,checked,200,2026-08-25,8,yes,0,
uskidsgolf.com,checked,200,2026-08-25,9,yes,0,
imageskincare.com,checked,200,2026-08-25,8,yes,0,
stadiumcustomkicks.com,checked,200,2026-08-25,8,yes,0,
nadinemerabi.com,checked,200,2026-08-25,9,yes,0,
thesinkboutique.com,checked,200,2026-08-25,9,yes,0,
allstitch.com,checked,200,2026-08-25,8,yes,0,
yosekastationery.com,checked,200,2026-08-25,8,yes,0,
plushhomefurniture.com,checked,200,2026-08-25,8,yes,0,
shopkury.com,checked,200,2026-08-25,9,yes,0,
ekohealth.com,checked,200,2026-08-25,8,yes,0,
tortugabackpacks.com,checked,200,2026-08-25,8,yes,0,
milkymotorsports.com,checked,200,2026-08-25,8,yes,0,
faberge.com,checked,200,2026-08-25,9,yes,0,
cyclescience.co.nz,checked,200,2026-08-25,9,yes,0,
pangolin.com,checked,200,2026-08-25,9,yes,0,
slumberland.com,checked,200,2026-08-25,9,yes,0,
gunnar.com,checked,200,2026-08-25,8,yes,0,
broadwaylifestyle.com,checked,200,2026-08-25,9,yes,0,
ipitaka.com,checked,200,2026-08-25,9,yes,0,
irasshai.co,checked,200,2026-08-25,9,yes,0,
questnutrition.com,checked,200,2026-08-25,8,yes,0,
circuitperformance.com,checked,200,2026-08-25,8,yes,0,
heritagebooks.com,checked,200,2026-08-25,8,yes,0,
alotmall.com,checked,200,2026-08-25,9,yes,0,
onewheel.com,checked,200,2026-08-25,8,yes,0,
thecircle.de,checked,200,2026-08-25,8,yes,0,
tentree.com,checked,200,2026-08-25,8,yes,0,
agriplexindia.com,checked,200,2026-08-25,9,yes,0,
micasa.ch,checked,200,2026-08-25,9,yes,0,
gentec-intl.com,checked,200,2026-08-25,8,yes,0,
collarsandco.com,checked,200,2026-08-25,9,yes,0,
colnago.com,checked,200,2026-08-25,8,yes,0,
towerrecords.com,checked,200,2026-08-25,9,yes,0,
drcomfort.com,checked,200,2026-08-25,9,yes,0,
woolandcompany.com,checked,200,2026-08-25,9,yes,0,
popular.jewelry,checked,200,2026-08-25,9,yes,0,
ritfitsports.com,checked,200,2026-08-25,9,yes,0,
autochimp.com.au,checked,200,2026-08-25,8,yes,0,
aliengearholsters.com,checked,200,2026-08-25,8,yes,0,
thornhillfurniture.com,checked,200,2026-08-25,8,yes,0,
dessy.com,checked,200,2026-08-25,8,yes,0,
glowrecipe.com,checked,200,2026-08-25,8,yes,0,
planbee.com,checked,200,2026-08-25,9,yes,0,
pitsco.com,checked,200,2026-08-25,9,yes,0,
halfpricefurniturestore.com,checked,200,2026-08-25,8,yes,0,
neuland.com,checked,200,2026-08-25,9,yes,0,
summerfridays.com,checked,200,2026-08-25,9,yes,0,
lovellsports.com,checked,200,2026-08-25,9,yes,0,
waterdrop.de,checked,200,2026-08-25,9,yes,0,
thelittleseedling.com,checked,200,2026-08-25,9,yes,0,
audio-everywhere.com,checked,200,2026-08-25,8,yes,0,
blackhawkjapan.com,checked,200,2026-08-25,9,yes,0,
welovefrugi.com,checked,200,2026-08-25,9,yes,0,
scottsfurniturecompany.com,checked,200,2026-08-25,8,yes,0,
docpeter.it,checked,200,2026-08-25,8,yes,0,
moon-studio.co,checked,200,2026-08-25,9,yes,0,
luisacerano.com,checked,200,2026-08-25,9,yes,0,
generalpants.com,checked,200,2026-08-25,8,yes,0,
merrachi.com,checked,200,2026-08-25,8,yes,0,
superarbor.io,checked,200,2026-08-25,9,yes,0,
fantasyislandtoys.com,checked,200,2026-08-25,9,yes,0,
birdfy.com,checked,200,2026-08-25,9,yes,0,
theguushop.com,checked,200,2026-08-25,8,yes,0,
lightintheattic.net,checked,200,2026-08-25,8,yes,0,
golfdiscount.com,checked,200,2026-08-25,9,yes,0,
obsidia-tcg.store,checked,200,2026-08-25,8,yes,0,
brutalzapas.com,checked,200,2026-08-25,9,yes,0,
splendid.com,checked,200,2026-08-25,9,yes,0,
nathanjames.com,checked,200,2026-08-25,9,yes,0,
beautyhabit.com,checked,200,2026-08-25,8,yes,0,
trendingcustom.com,checked,200,2026-08-25,8,yes,0,
maatshi.com,checked,200,2026-08-25,8,yes,0,
ledivita.com,checked,200,2026-08-25,9,yes,0,
supernote.com,checked,200,2026-08-25,9,yes,0,
dipyourcar.com,checked,200,2026-08-25,8,yes,0,
skateparkoftampa.com,checked,200,2026-08-25,9,yes,0,
missionworkshop.com,checked,200,2026-08-25,9,yes,0,
6ixty8ight.com,checked,200,2026-08-25,9,yes,0,
hatchcollection.com,checked,200,2026-08-25,9,yes,0,
media5corp.com,checked,200,2026-08-25,8,yes,0,
6dollarshirts.com,checked,200,2026-08-25,9,yes,0,
safaviehhome.com,checked,200,2026-08-25,9,yes,0,
bikeshoe4u.com,checked,200,2026-08-25,8,yes,0,
vicnic.com,checked,200,2026-08-25,9,yes,0,
shonobo.com,checked,200,2026-08-25,9,yes,0,
furniturebarnmn.com,checked,200,2026-08-25,8,yes,0,
cognitive-surplus.com,checked,200,2026-08-25,8,yes,0,
wilsonscarpets.com,checked,200,2026-08-25,8,yes,0,
setactive.co,checked,200,2026-08-25,9,yes,0,
upgraderc.be,checked,200,2026-08-25,9,yes,0,
loefflerrandall.com,checked,200,2026-08-25,9,yes,0,
pixelunion.net,checked,200,2026-08-25,9,yes,0,
themomstore.in,checked,200,2026-08-25,8,yes,0,
outerknown.com,checked,200,2026-08-25,8,yes,0,
chomps.com,checked,200,2026-08-25,9,yes,0,
furniturelandbakersfield.com,checked,200,2026-08-25,9,yes,0,
kissprom.com,checked,200,2026-08-25,8,yes,0,
woodpeck.com,checked,200,2026-08-25,8,yes,0,
artemlegrand.it,checked,200,2026-08-25,9,yes,0,
discmania.net,checked,200,2026-08-25,9,yes,0,
newburycomics.com,checked,200,2026-08-25,9,yes,0,
renaissancejewel.com,checked,200,2026-08-25,8,yes,0,
hellobonafide.com,checked,200,2026-08-25,8,yes,0,
costosoitaliano.com,checked,200,2026-08-25,9,yes,0,
imagineonline.store,checked,200,2026-08-25,8,yes,0,
babybrezza.com,checked,200,2026-08-25,9,yes,0,
medicomtoy.co.jp,checked,200,2026-08-25,9,yes,0,
koorong.com,checked,200,2026-08-25,9,yes,0,
beisat.com,checked,200,2026-08-25,9,yes,0,
jeepworld.com,checked,200,2026-08-25,9,yes,0,
rpstrength.com,checked,200,2026-08-25,8,yes,0,
skinkraft.com,checked,200,2026-08-25,9,yes,0,
nonstopdogwear.com,checked,200,2026-08-25,9,yes,0,
tomboyx.com,checked,200,2026-08-25,9,yes,0,
teradek.com,checked,200,2026-08-25,9,yes,0,
aerialtitans.com,checked,200,2026-08-25,9,yes,0,
sunspel.com,checked,200,2026-08-25,9,yes,0,
sizzlebrothers.de,checked,200,2026-08-25,8,yes,0,
noirfonce.eu,checked,200,2026-08-25,9,yes,0,
britelighting.co.za,checked,200,2026-08-25,8,yes,0,
aersf.com,checked,200,2026-08-25,9,yes,0,
yeppo.fi,checked,200,2026-08-25,9,yes,0,
retrospec.com,checked,200,2026-08-25,8,yes,0,
professionalsupplementcenter.com,checked,200,2026-08-25,8,yes,0,
scandale.com,checked,200,2026-08-25,9,yes,0,
effyjewelry.com,checked,200,2026-08-25,9,yes,0,
zeroinfy.in,checked,200,2026-08-25,8,yes,0,
tower-ldn.com,checked,200,2026-08-25,9,yes,0,
pretavoir.co.uk,checked,200,2026-08-25,8,yes,0,
publicaddresssolutions.com,checked,200,2026-08-25,9,yes,0,
routeone.co.uk,checked,200,2026-08-25,8,yes,0,
gruns.co,checked,200,2026-08-25,8,yes,0,
neptune.com,checked,200,2026-08-25,8,yes,0,
woddlebaby.com,checked,200,2026-08-25,8,yes,0,
semir.com.sa,unreachable,,,,,,
club21.com,checked,200,2026-08-25,9,yes,0,
zootsports.com,checked,200,2026-08-25,9,yes,0,
washigang.com,checked,200,2026-08-25,9,yes,0,
supermarketitaly.com,checked,200,2026-08-25,9,yes,0,
stretchitbodyjewellery.co.uk,checked,200,2026-08-25,9,yes,0,
adeptknives.com,checked,200,2026-08-25,8,yes,0,
fungi.com,checked,200,2026-08-25,8,yes,0,
dodoskin.com,checked,200,2026-08-25,9,yes,0,
burga.fr,checked,200,2026-08-25,9,yes,0,
sisley.com,checked,200,2026-08-25,9,yes,0,
bbcicecream.com,checked,200,2026-08-25,8,yes,0,
quadlockcase.com,checked,200,2026-08-25,8,yes,0,
netrition.com,checked,200,2026-08-25,9,yes,0,
buyindusvalley.in,checked,200,2026-08-25,8,yes,0,
lardesports.com,checked,200,2026-08-25,9,yes,0,
okumsupply.com,checked,200,2026-08-25,9,yes,0,
earthbreeze.com,checked,200,2026-08-25,8,yes,0,
americanmodified.com,checked,200,2026-08-25,8,yes,0,
noaandnani.co.uk,checked,200,2026-08-25,9,yes,0,
olympiccycles.co.za,checked,200,2026-08-25,9,yes,0,
jaanuu.com,checked,200,2026-08-25,9,yes,0,
neakasa.com,checked,200,2026-08-25,8,yes,0,
outsider.com,checked,200,2026-08-25,9,yes,0,
yoohal.com,checked,200,2026-08-25,9,yes,0,
channelmaster.com,checked,200,2026-08-25,8,yes,0,
hachimonjiya.com,checked,200,2026-08-25,9,yes,0,
designpublic.com,checked,200,2026-08-25,9,yes,0,
primalkitchen.com,checked,200,2026-08-25,9,yes,0,
bandccamera.com,checked,200,2026-08-25,9,yes,0,
sigmabeauty.com,checked,200,2026-08-25,8,yes,0,
russellroadracing.co.uk,checked,200,2026-08-25,8,yes,0,
horze.de,checked,200,2026-08-25,9,yes,0,
paylessfurnitureohio.com,checked,200,2026-08-25,8,yes,0,
pvolve.com,checked,200,2026-08-25,8,yes,0,
spiceandtea.com,checked,200,2026-08-25,9,yes,0,
robotspecialist.com.au,checked,200,2026-08-25,8,yes,0,
itsybitsy.in,checked,200,2026-08-25,8,yes,0,
bellamihair.com,checked,200,2026-08-25,8,yes,0,
ultrapro.com,checked,200,2026-08-25,8,yes,0,
leatherology.com,checked,200,2026-08-25,9,yes,0,
kalamandir.com,checked,200,2026-08-25,8,yes,0,
airton.shop,checked,200,2026-08-25,9,yes,0,
floorscrubbers.com,checked,200,2026-08-25,8,yes,0,
modgents.com,checked,200,2026-08-25,9,yes,0,
tuttletwins.com,checked,200,2026-08-25,8,yes,0,
gymreapers.com,checked,200,2026-08-25,9,yes,0,
cabotcreamery.com,checked,200,2026-08-25,9,yes,0,
plantpotions.co.nz,checked,200,2026-08-25,8,yes,0,
sheethappenspublishing.com,checked,200,2026-08-25,9,yes,0,
gotailwind.com,checked,200,2026-08-25,9,yes,0,
chigee.com,checked,200,2026-08-25,8,yes,0,
lasvegasfurnitureonline.com,checked,200,2026-08-25,9,yes,0,
lttstore.com,checked,200,2026-08-25,8,yes,0,
miuragolf.com,checked,200,2026-08-25,9,yes,0,
schiaparelli.com,checked,200,2026-08-25,8,yes,0,
colorstreet.com,checked,200,2026-08-25,9,yes,0,
shomiz.com,checked,200,2026-08-25,8,yes,0,
randolphusa.com,checked,200,2026-08-25,9,yes,0,
brooklynbedding.com,checked,200,2026-08-25,9,yes,0,
cozeymaison.com,checked,200,2026-08-25,9,yes,0,
yfood.com,checked,200,2026-08-25,8,yes,0,
cliomakeupshop.com,checked,200,2026-08-25,9,yes,0,
enzzo.gr,checked,200,2026-08-25,8,yes,0,
heymarly.com,checked,200,2026-08-25,8,yes,0,
homelux.hu,checked,200,2026-08-25,8,yes,0,
kosbiotic.com,checked,200,2026-08-25,9,yes,0,
longchamp.co.id,checked,200,2026-08-25,8,yes,0,
raindoor.cl,checked,200,2026-08-25,9,yes,0,
salomon.com.mx,checked,200,2026-08-25,9,yes,0,
ronis.com.au,checked,200,2026-08-25,8,yes,0,
sugarbooandco.com,checked,200,2026-08-25,8,yes,0,
jmedj.co.jp,checked,200,2026-08-25,8,yes,0,
intelligentsia.com,checked,200,2026-08-25,8,yes,0,
philipmorrisdirect.co.uk,checked,200,2026-08-25,8,yes,0,
vapevo.com,checked,200,2026-08-25,8,yes,0,
cobra.com,checked,200,2026-08-25,9,yes,0,
affordablefurnitureco.com,checked,200,2026-08-25,8,yes,0,
cribofart.com,checked,200,2026-08-25,9,yes,0,
soylent.com,checked,200,2026-08-25,9,yes,0,
altfragrances.com,checked,200,2026-08-25,8,yes,0,
freedomactivewear.com.au,checked,200,2026-08-25,8,yes,0,
burkerwatches.com,checked,200,2026-08-25,9,yes,0,
fenixlighting.com,checked,200,2026-08-25,9,yes,0,
procompression.com,checked,200,2026-08-25,8,yes,0,
go2marine.com,checked,200,2026-08-25,8,yes,0,
bigelowchemists.com,checked,200,2026-08-25,8,yes,0,
consciousitems.com,checked,200,2026-08-25,8,yes,0,
ivycityco.com,checked,200,2026-08-25,9,yes,0,
bluesky.com,checked,200,2026-08-25,9,yes,0,
paylessfurnituresource.com,checked,200,2026-08-25,8,yes,0,
altomusic.com,checked,200,2026-08-25,8,yes,0,
maileg.com,checked,200,2026-08-25,8,yes,0,
pauljamesknitwear.com,checked,200,2026-08-25,8,yes,0,
carved.com,checked,200,2026-08-25,9,yes,0,
dapperclassics.com,checked,200,2026-08-25,8,yes,0,
amantelingerie.in,checked,200,2026-08-25,8,yes,0,
simbasleep.com,checked,200,2026-08-25,8,yes,0,
hybrid-racing.com,checked,200,2026-08-25,9,yes,0,
schmidts.store,checked,200,2026-08-25,8,yes,0,
shop-by-bar.com,checked,200,2026-08-25,9,yes,0,
mphonline.com,checked,200,2026-08-25,9,yes,0,
metalunastore.fr,checked,200,2026-08-25,9,yes,0,
smgspeed.com,checked,200,2026-08-25,8,yes,0,
mimmu.it,checked,200,2026-08-25,9,yes,0,
dillonprecision.com,checked,200,2026-08-25,9,yes,0,
rvca.com,checked,200,2026-08-25,8,yes,0,
rayneo.com,checked,200,2026-08-25,8,yes,0,
kidswearcollective.com,checked,200,2026-08-25,8,yes,0,
locallegends.store,checked,200,2026-08-25,8,yes,0,
civilclothing.com,checked,200,2026-08-25,8,yes,0,
kctool.com,checked,200,2026-08-25,8,yes,0,
mailegusa.com,checked,200,2026-08-25,8,yes,0,
ontrad.co.uk,checked,200,2026-08-25,9,yes,0,
drscholls.com,checked,200,2026-08-25,8,yes,0,
nordwolle.com,checked,200,2026-08-25,8,yes,0,
majorfitness.com,checked,200,2026-08-25,8,yes,0,
argamahobby.com,checked,200,2026-08-25,8,yes,0,
pomegranate.com,checked,200,2026-08-25,9,yes,0,
deschutesbrewery.com,checked,200,2026-08-25,8,yes,0,
bodyhealth.com,checked,200,2026-08-25,9,yes,0,
myellement.com,checked,200,2026-08-25,9,yes,0,
irvingblvdfurniture.com,checked,200,2026-08-25,9,yes,0,
trewgear.com,checked,200,2026-08-25,9,yes,0,
badgleymischka.com,checked,200,2026-08-25,8,yes,0,
tigermist.com,checked,200,2026-08-25,9,yes,0,
smokecartel.com,checked,200,2026-08-25,8,yes,0,
lesliefurniture.com,checked,200,2026-08-25,9,yes,0,
tangyshop.com,checked,200,2026-08-25,9,yes,0,
moderntribe.com,checked,200,2026-08-25,9,yes,0,
spcsports.com,checked,200,2026-08-25,9,yes,0,
office-japan.jp,checked,200,2026-08-25,8,yes,0,
amscope.com,checked,200,2026-08-25,9,yes,0,
gigasnutrition.com,checked,200,2026-08-25,8,yes,0,
beekman1802.com,checked,200,2026-08-25,8,yes,0,
roccat.org,unreachable,401,,,,,
jonesbootmaker.com,checked,200,2026-08-25,8,yes,0,
matchx.io,unreachable,402,,,,,
usamm.com,checked,200,2026-08-25,8,yes,0,
dfusermotorsports.com,checked,200,2026-08-25,9,yes,0,
hedonism.co.uk,checked,200,2026-08-25,8,yes,0,
saintsass.com,checked,200,2026-08-25,8,yes,0,
cocopinkstore.com,checked,200,2026-08-25,8,yes,0,
guitarbrothers.com.au,checked,200,2026-08-25,8,yes,0,
winmau.com,checked,200,2026-08-25,9,yes,0,
r13.com,checked,200,2026-08-25,9,yes,0,
afnan.com,checked,200,2026-08-25,9,yes,0,
katscrappiness.com,checked,200,2026-08-25,9,yes,0,
gazman.com.au,checked,200,2026-08-25,8,yes,0,
beae.com,checked,200,2026-08-25,9,yes,0,
turtlewax.com,checked,200,2026-08-25,8,yes,0,
bloomr.com,checked,200,2026-08-25,8,yes,0,
olly.com,checked,200,2026-08-25,8,yes,0,
pricebusters.com,checked,200,2026-08-25,9,yes,0,
heartsfc.co.uk,checked,200,2026-08-25,8,yes,0,
misen.com,checked,200,2026-08-25,9,yes,0,
theflashcentre.com,checked,200,2026-08-25,8,yes,0,
wigs.com,checked,200,2026-08-25,9,yes,0,
naturana.com,checked,200,2026-08-25,8,yes,0,
battlesports.com,checked,200,2026-08-25,9,yes,0,
hillhousehome.com,checked,200,2026-08-25,8,yes,0,
zafferanoitalia.com,checked,200,2026-08-25,8,yes,0,
rauantiques.com,checked,200,2026-08-25,9,yes,0,
celestialseasonings.com,checked,200,2026-08-25,9,yes,0,
tonerparts.com,checked,200,2026-08-25,9,yes,0,
plaidroomrecords.com,checked,200,2026-08-25,8,yes,0,
damondmotorsports.com,checked,200,2026-08-25,9,yes,0,
ironstudios.com.br,checked,200,2026-08-25,9,yes,0,
lightyearsjewelry.com,checked,200,2026-08-25,9,yes,0,
jaapi.media,checked,200,2026-08-25,8,yes,0,
opositiv.com,checked,200,2026-08-25,8,yes,0,
whitefoxboutique.co.uk,checked,200,2026-08-25,8,yes,0,
bezgar.com,checked,200,2026-08-25,8,yes,0,
ka-pok.com,checked,200,2026-08-25,8,yes,0,
teensummercamps.com,checked,200,2026-08-25,8,yes,0,
stilacosmetics.com,checked,200,2026-08-25,8,yes,0,
vedress.com,checked,200,2026-08-25,9,yes,0,
coronausa.com,checked,200,2026-08-25,9,yes,0,
oatsovernight.com,checked,200,2026-08-25,8,yes,0,
buerostuhl24.com,checked,200,2026-08-25,9,yes,0,
deviouselementsapparel.com,checked,200,2026-08-25,9,yes,0,
greenhousemegastore.com,checked,200,2026-08-25,9,yes,0,
ohheart.com,checked,200,2026-08-25,9,yes,0,
kidzstation.co.id,checked,200,2026-08-25,8,yes,0,
urns.com,checked,200,2026-08-25,9,yes,0,
compressedairadvisors.com,checked,200,2026-08-25,9,yes,0,
carvedesigns.com,checked,200,2026-08-25,9,yes,0,
sunnyhealthfitness.com,checked,200,2026-08-25,8,yes,0,
petkit.com,checked,200,2026-08-25,9,yes,0,
okendama.com,checked,200,2026-08-25,9,yes,0,
nutriseed.co.uk,checked,200,2026-08-25,9,yes,0,
wineinsiders.com,checked,200,2026-08-25,9,yes,0,
brilliant.xyz,checked,200,2026-08-25,8,yes,0,
hollywoodgems.com,checked,200,2026-08-25,8,yes,0,
junioredition.com,checked,200,2026-08-25,8,yes,0,
cheesegrotto.com,checked,200,2026-08-25,8,yes,0,
midlandusa.com,checked,200,2026-08-25,8,yes,0,
christianartworkshop.com,checked,200,2026-08-25,9,yes,0,
steadygarage.com,checked,200,2026-08-25,9,yes,0,
haydenla.com,checked,200,2026-08-25,8,yes,0,
step2.com,checked,200,2026-08-25,9,yes,0,
albertsfurniture.com,checked,200,2026-08-25,8,yes,0,
tommeetippee.com,checked,200,2026-08-25,9,yes,0,
bluebungalow.com.au,checked,200,2026-08-25,9,yes,0,
fireclaytile.com,checked,200,2026-08-25,8,yes,0,
ayame-eyewear.com,checked,200,2026-08-25,9,yes,0,
hellotushy.com,checked,200,2026-08-25,8,yes,0,
goldenhomefurniture.com,checked,200,2026-08-25,9,yes,0,
jennyyoo.com,checked,200,2026-08-25,9,yes,0,
alohas.com,checked,200,2026-08-25,9,yes,0,
laurieyapphome.com,checked,200,2026-08-25,8,yes,0,
fizik.com,checked,200,2026-08-25,9,yes,0,
estesrockets.com,checked,200,2026-08-25,8,yes,0,
getrxd.com,checked,200,2026-08-25,8,yes,0,
jackednutrition.pk,checked,200,2026-08-25,9,yes,0,
cardmerchanttakapuna.co.nz,checked,200,2026-08-25,8,yes,0,
coopsleepgoods.com,checked,200,2026-08-25,9,yes,0,
raptorracing.com,checked,200,2026-08-25,8,yes,0,
farma2go.com,checked,200,2026-08-25,8,yes,0,
vivehealth.com,checked,200,2026-08-25,8,yes,0,
babyletto.com,checked,200,2026-08-25,8,yes,0,
mshair.com,checked,200,2026-08-25,8,yes,0,
alpakagear.com,checked,200,2026-08-25,9,yes,0,
hiby.com,checked,200,2026-08-25,9,yes,0,
serax.com,checked,200,2026-08-25,8,yes,0,
autoaddictusa.com,checked,200,2026-08-25,8,yes,0,
matrix.in,checked,200,2026-08-25,8,yes,0,
jonessoda.com,checked,200,2026-08-25,9,yes,0,
painfulpleasures.com,checked,200,2026-08-25,9,yes,0,
retreat.nl,checked,200,2026-08-25,9,yes,0,
yonka.com,checked,200,2026-08-25,8,yes,0,
dressbarn.com,checked,200,2026-08-25,8,yes,0,
stoertebekker.com,checked,200,2026-08-25,9,yes,0,
rejuvacare.com,checked,200,2026-08-25,9,yes,0,
antiquemapsandprints.com,checked,200,2026-08-25,8,yes,0,
curlysfurniture.com,checked,200,2026-08-25,9,yes,0,
artstoreonline.com.au,checked,200,2026-08-25,8,yes,0,
liftsafety.com,checked,200,2026-08-25,9,yes,0,
saleemfabrics.pk,checked,200,2026-08-25,9,yes,0,
simoneabordeaux.com,checked,200,2026-08-25,9,yes,0,
commafootball.com,checked,200,2026-08-25,8,yes,0,
songmics.fr,checked,200,2026-08-25,8,yes,0,
sodastream.sg,checked,200,2026-08-25,9,yes,0,
speedupperformance.com.au,checked,200,2026-08-25,9,yes,0,
original.com.mo,checked,200,2026-08-25,8,yes,0,
moyustore.com,checked,200,2026-08-25,8,yes,0,
maryruthorganics.com,checked,200,2026-08-25,9,yes,0,
historic-newspapers.com,checked,200,2026-08-25,8,yes,0,
lutzkasgarage.com,checked,200,2026-08-25,8,yes,0,
corelle.com,checked,200,2026-08-25,8,yes,0,
schifferbooks.com,checked,200,2026-08-25,8,yes,0,
jhpusa.com,checked,200,2026-08-25,8,yes,0,
deltachildren.com,checked,200,2026-08-25,8,yes,0,
hvackingdom.com,checked,200,2026-08-25,9,yes,0,
caitlynminimalist.com,checked,200,2026-08-25,9,yes,0,
teacollection.com,checked,200,2026-08-25,9,yes,0,
puntoblanco.co,checked,200,2026-08-25,8,yes,0,
hobby-city.com.au,checked,200,2026-08-25,8,yes,0,
bettystoybox.com,checked,200,2026-08-25,8,yes,0,
uniden.com,checked,200,2026-08-25,9,yes,0,
wtradefurniture.com,checked,200,2026-08-25,9,yes,0,
tufanlarkuyumculuk.com.tr,checked,200,2026-08-25,9,yes,0,
tannens.com,checked,200,2026-08-25,9,yes,0,
yepoda.fr,checked,200,2026-08-25,8,yes,0,
annieselke.com,checked,200,2026-08-25,8,yes,0,
kitking.co.uk,checked,200,2026-08-25,8,yes,0,
dipndive.com,checked,200,2026-08-25,8,yes,0,
msesupplies.com,checked,200,2026-08-25,8,yes,0,
knotandrope.com,checked,200,2026-08-25,9,yes,0,
cowboy.com,checked,200,2026-08-25,9,yes,0,
getbrick.com,checked,200,2026-08-25,9,yes,0,
lolitainside.com,checked,200,2026-08-25,8,yes,0,
afloral.com,checked,200,2026-08-25,9,yes,0,
interiorsecrets.com.au,checked,200,2026-08-25,8,yes,0,
sense-u.com,checked,200,2026-08-25,9,yes,0,
sunprotectionclothing.co.uk,checked,200,2026-08-25,8,yes,0,
buttonscarves.com,checked,200,2026-08-25,9,yes,0,
planetorganic.com,checked,200,2026-08-25,9,yes,0,
allfigure.ca,checked,200,2026-08-25,9,yes,0,
validcertificadora.com.br,checked,200,2026-08-25,9,yes,0,
mgemi.com,checked,200,2026-08-25,8,yes,0,
parfum-muse.com,checked,200,2026-08-25,8,yes,0,
cosori.com,checked,200,2026-08-25,9,yes,0,
bodyandfit.com,checked,200,2026-08-25,9,yes,0,
relinkonline.com,checked,200,2026-08-25,9,yes,0,
polyandbark.com,checked,200,2026-08-25,9,yes,0,
leoetviolette.com,checked,200,2026-08-25,9,yes,0,
airflofishing.com,checked,200,2026-08-25,9,yes,0,
larafurn.com,checked,200,2026-08-25,8,yes,0,
ballerette.com,checked,200,2026-08-25,9,yes,0,
kbdfans.com,checked,200,2026-08-25,8,yes,0,
shopflamingo.com,checked,200,2026-08-25,9,yes,0,
lootcrate.com,checked,200,2026-08-25,9,yes,0,
totalsafety.nz,checked,200,2026-08-25,8,yes,0,
babymori.com,checked,200,2026-08-25,9,yes,0,
clothandpaper.com,checked,200,2026-08-25,9,yes,0,
cheapthrillsmoto.com,checked,200,2026-08-25,9,yes,0,
wileyx.com,checked,200,2026-08-25,8,yes,0,
calimacil.com,checked,200,2026-08-25,8,yes,0,
nominalx.com,checked,200,2026-08-25,9,yes,0,
lighting.co.za,checked,200,2026-08-25,8,yes,0,
surfacesgalore.com,checked,200,2026-08-25,8,yes,0,
nordisk.eu,checked,200,2026-08-25,8,yes,0,
veezal.com,checked,200,2026-08-25,8,yes,0,
jmlooks.com,checked,200,2026-08-25,8,yes,0,
3wishes.com,checked,200,2026-08-25,9,yes,0,
oglefurniture.com,checked,200,2026-08-25,8,yes,0,
currentbody.com,checked,200,2026-08-25,8,yes,0,
teamprostandard.com,checked,200,2026-08-25,8,yes,0,
wananluxury.com,checked,200,2026-08-25,9,yes,0,
sarahraven.com,checked,200,2026-08-25,8,yes,0,
nationalwarehousefurnituresales.com,checked,200,2026-08-25,9,yes,0,
villohome.com,checked,200,2026-08-25,9,yes,0,
bakedbymelissa.com,checked,200,2026-08-25,9,yes,0,
hibobbie.com,checked,200,2026-08-25,8,yes,0,
indiashopping.io,checked,200,2026-08-25,8,yes,0,
twillory.com,checked,200,2026-08-25,9,yes,0,
petite-plume.com,checked,200,2026-08-25,8,yes,0,
party-expert.com,checked,200,2026-08-25,9,yes,0,
decoinparis.com,checked,200,2026-08-25,9,yes,0,
mattandnat.com,checked,200,2026-08-25,8,yes,0,
wusthof.com,checked,200,2026-08-25,8,yes,0,
birdinhand.com,checked,200,2026-08-25,8,yes,0,
salsacycles.com,checked,200,2026-08-25,8,yes,0,
gerberchildrenswear.com,checked,200,2026-08-25,8,yes,0,
speckproducts.com,checked,200,2026-08-25,8,yes,0,
coverstore.com,checked,200,2026-08-25,9,yes,0,
flatspot.com,checked,200,2026-08-25,9,yes,0,
dermotiendashopping.com,checked,200,2026-08-25,8,yes,0,
emedals.com,checked,200,2026-08-25,8,yes,0,
moominarabia.com,checked,200,2026-08-25,8,yes,0,
softminkyblankets.com,checked,200,2026-08-25,8,yes,0,
gornation.com,checked,200,2026-08-25,9,yes,0,
tower28beauty.com,checked,200,2026-08-25,8,yes,0,
romalarjewelry.com,checked,200,2026-08-25,8,yes,0,
medisave.co.uk,checked,200,2026-08-25,9,yes,0,
invidtech.com,checked,200,2026-08-25,8,yes,0,
parfums-de-marly.com,checked,200,2026-08-25,9,yes,0,
pulseresearchlab.com,checked,200,2026-08-25,8,yes,0,
bitterliebe.com,checked,200,2026-08-25,9,yes,0,
emmabridgewater.co.uk,checked,200,2026-08-25,8,yes,0,
bourbonandbluffs.com,checked,200,2026-08-25,9,yes,0,
plateful.co,checked,200,2026-08-25,8,yes,0,
petmate.com,checked,200,2026-08-25,8,yes,0,
originalpenguin.com,checked,200,2026-08-25,9,yes,0,
darkness.com.br,checked,200,2026-08-25,8,yes,0,
xoticpc.com,checked,200,2026-08-25,8,yes,0,
quinstance.com,checked,200,2026-08-25,9,yes,0,
paviliongift.com,checked,200,2026-08-25,9,yes,0,
simplyswim.com,checked,200,2026-08-25,9,yes,0,
vapesonline.de,checked,200,2026-08-25,8,yes,0,
ownd.in,checked,200,2026-08-25,9,yes,0,
aalamps.com,checked,200,2026-08-25,8,yes,0,
vintagefootballshirts.com,checked,200,2026-08-25,8,yes,0,
giordanoshop.com,checked,200,2026-08-25,8,yes,0,
archivist.store,checked,200,2026-08-25,9,yes,0,
numberartist.com,checked,200,2026-08-25,9,yes,0,
cwmattresswarehouse.com,checked,200,2026-08-25,9,yes,0,
misterzimi.com,checked,200,2026-08-25,9,yes,0,
trussardi.com,checked,200,2026-08-25,8,yes,0,
kookai.com.au,checked,200,2026-08-25,8,yes,0,
brainmd.com,checked,200,2026-08-25,9,yes,0,
american-giant.com,checked,200,2026-08-25,9,yes,0,
lamejorfurniture.com,checked,200,2026-08-25,9,yes,0,
mannsupply.com,checked,200,2026-08-25,8,yes,0,
oorejewelry.com,checked,200,2026-08-25,9,yes,0,
impressjewelers.com,checked,200,2026-08-25,8,yes,0,
apohealth.de,checked,200,2026-08-25,9,yes,0,
globoshoes.com,checked,200,2026-08-25,9,yes,0,
telephoneshoppees.com,checked,200,2026-08-25,9,yes,0,
acquabathrooms.com.au,checked,200,2026-08-25,9,yes,0,
fostergrant.com,checked,200,2026-08-25,8,yes,0,
poundfabrics.co.uk,checked,200,2026-08-25,9,yes,0,
retrofete.com,checked,200,2026-08-25,8,yes,0,
tincan.kids,checked,200,2026-08-25,8,yes,0,
goodgoodgolf.com,checked,200,2026-08-25,9,yes,0,
joola.com,checked,200,2026-08-25,8,yes,0,
residencesupply.com,checked,200,2026-08-25,9,yes,0,
halfpe.com,checked,200,2026-08-25,9,yes,0,
jemappelle.nl,checked,200,2026-08-25,9,yes,0,
modibodi.com,checked,200,2026-08-25,8,yes,0,
pyrodrone.com,checked,200,2026-08-25,8,yes,0,
incylence.com,checked,200,2026-08-25,9,yes,0,
lampco.co.uk,checked,200,2026-08-25,9,yes,0,
reebok.ca,checked,200,2026-08-25,9,yes,0,
nyfurnituredirect.com,checked,200,2026-08-25,8,yes,0,
lumberliquidators.com,checked,200,2026-08-25,9,yes,0,
abcbikes.com.au,checked,200,2026-08-25,9,yes,0,
artvo.com,checked,200,2026-08-25,8,yes,0,
bodysystems.ca,checked,200,2026-08-25,9,yes,0,
cabionline.com,checked,200,2026-08-25,9,yes,0,
lovisa.com,checked,200,2026-08-25,9,yes,0,
mackeysgrows.com,checked,200,2026-08-25,9,yes,0,
exquisiteskincare.co.nz,checked,200,2026-08-25,8,yes,0,
doite.cl,checked,200,2026-08-25,9,yes,0,
stayclassy.in,checked,200,2026-08-25,8,yes,0,
virusfan.com,checked,200,2026-08-25,9,yes,0,
allmagautoparts.com,checked,200,2026-08-25,8,yes,0,
tattilashes.com,checked,200,2026-08-25,8,yes,0,
weekendersportswear.com,checked,200,2026-08-25,9,yes,0,
continentclothing.com,checked,200,2026-08-25,9,yes,0,
districtcamera.com,checked,200,2026-08-25,9,yes,0,
naturalfoodpantry.ca,checked,200,2026-08-25,9,yes,0,
tgstore.ca,checked,200,2026-08-25,8,yes,0,
newair.com,checked,200,2026-08-25,8,yes,0,
haarspullen.nl,checked,200,2026-08-25,8,yes,0,
mondaine.com,checked,200,2026-08-25,8,yes,0,
ferplast.com,checked,200,2026-08-25,9,yes,0,
karenkane.com,checked,200,2026-08-25,9,yes,0,
bareperformancenutrition.com,checked,200,2026-08-25,8,yes,0,
adegalabrugeira.pt,checked,200,2026-08-25,9,yes,0,
themedicalzone.com,checked,200,2026-08-25,8,yes,0,
365cycles.com,checked,200,2026-08-25,8,yes,0,
matthiasmedia.com,checked,200,2026-08-25,8,yes,0,
fangyanstores.com,checked,200,2026-08-25,8,yes,0,
liewood.com,checked,200,2026-08-25,8,yes,0,
thesoundofvinyl.com,checked,200,2026-08-25,8,yes,0,
shopmelissa.com,checked,200,2026-08-25,8,yes,0,
carvers.co.uk,checked,200,2026-08-25,8,yes,0,
homewetbar.com,checked,200,2026-08-25,9,yes,0,
feichtinger-shop.com,checked,200,2026-08-25,9,yes,0,
lemsshoes.com,checked,200,2026-08-25,8,yes,0,
avoletti.com,checked,200,2026-08-25,9,yes,0,
tintaybariloche.com,checked,200,2026-08-25,8,yes,0,
gowfb.com,checked,200,2026-08-25,9,yes,0,
autoclint.com,checked,200,2026-08-25,9,yes,0,
lights.com,checked,200,2026-08-25,9,yes,0,
lumeers.com,checked,200,2026-08-25,8,yes,0,
deliciouslyella.com,checked,200,2026-08-25,8,yes,0,
amymyersmd.com,checked,200,2026-08-25,8,yes,0,
troyleedesigns.com,checked,200,2026-08-25,9,yes,0,
a-zhme.com,checked,200,2026-08-25,9,yes,0,
lovisa.com.au,checked,200,2026-08-25,9,yes,0,
tuesdaymorning.com,checked,200,2026-08-25,8,yes,0,
geckocustom.com,checked,200,2026-08-25,9,yes,0,
lakecycling.com,checked,200,2026-08-25,8,yes,0,
omnicheer.com,checked,200,2026-08-25,9,yes,0,
luksusbaby.dk,checked,200,2026-08-25,8,yes,0,
forzieri.com,checked,200,2026-08-25,8,yes,0,
wtb.com,checked,200,2026-08-25,9,yes,0,
factorywheelreplacement.com,checked,200,2026-08-25,8,yes,0,
beerwulf.com,checked,200,2026-08-25,8,yes,0,
creveleurope.com,checked,200,2026-08-25,9,yes,0,
rare.gallery,checked,200,2026-08-25,8,yes,0,
onestopfurniturestores.com,checked,200,2026-08-25,9,yes,0,
shoptiques.com,checked,200,2026-08-25,9,yes,0,
manlybands.com,checked,200,2026-08-25,9,yes,0,
sharonsaiddress.com,checked,200,2026-08-25,8,yes,0,
kso.dk,checked,200,2026-08-25,8,yes,0,
ajeworld.com.au,checked,200,2026-08-25,8,yes,0,
atkgear.com,checked,200,2026-08-25,8,yes,0,
shopbaseballcollective.com,checked,200,2026-08-25,8,yes,0,
junglueck.de,checked,200,2026-08-25,9,yes,0,
cudy.com,checked,200,2026-08-25,8,yes,0,
lelosi.com,checked,200,2026-08-25,8,yes,0,
bookxcess.com,checked,200,2026-08-25,8,yes,0,
guardair.com,checked,200,2026-08-25,8,yes,0,
aovoescooter.co.uk,checked,200,2026-08-25,9,yes,0,
leefordortho.in,checked,200,2026-08-25,9,yes,0,
tnnursery.net,checked,200,2026-08-25,8,yes,0,
licencehouse.com,checked,200,2026-08-25,8,yes,0,
basenor.com,checked,200,2026-08-25,9,yes,0,
enve.com,checked,200,2026-08-25,9,yes,0,
organifer.com,checked,200,2026-08-25,9,yes,0,
qidi3d.com,checked,200,2026-08-25,9,yes,0,
beardbrand.com,checked,200,2026-08-25,9,yes,0,
meanblvd.com,checked,200,2026-08-25,9,yes,0,
lebijoubijou.com,checked,200,2026-08-25,9,yes,0,
apc.fr,checked,200,2026-08-25,9,yes,0,
grandgoldman.com,checked,200,2026-08-25,8,yes,0,
proactiv.com,checked,200,2026-08-25,9,yes,0,
proenzaschouler.com,checked,200,2026-08-25,9,yes,0,
aime.co,checked,200,2026-08-25,9,yes,0,
sandcloud.com,checked,200,2026-08-25,9,yes,0,
sportarmy.com,checked,200,2026-08-25,9,yes,0,
glamarashop.com,checked,200,2026-08-25,9,yes,0,
lillydoo.com,checked,200,2026-08-25,8,yes,0,
furniturelanddist.com,checked,200,2026-08-25,9,yes,0,
polaroideyewear.com,checked,200,2026-08-25,8,yes,0,
geschenke-online.de,checked,200,2026-08-25,9,yes,0,
biome.com.au,checked,200,2026-08-25,9,yes,0,
evannex.com,checked,200,2026-08-25,8,yes,0,
nakedwardrobe.com,checked,200,2026-08-25,8,yes,0,
allstartoys.com,checked,200,2026-08-25,8,yes,0,
freightdirectfurniture.com,checked,200,2026-08-25,8,yes,0,
oddbunch.ca,checked,200,2026-08-25,9,yes,0,
musclenation.org,checked,200,2026-08-25,8,yes,0,
retrospekt.com,checked,200,2026-08-25,9,yes,0,
homebudgetfurniture.com,checked,200,2026-08-25,9,yes,0,
umaiclothing.com,checked,200,2026-08-25,8,yes,0,
lifeprofitness.com,blocked,403,,,,,
uprootclean.com,checked,200,2026-08-25,9,yes,0,
secom.ro,checked,200,2026-08-25,8,yes,0,
eaglepeakstore.com,checked,200,2026-08-25,9,yes,0,
pahrumpfurniture.com,checked,200,2026-08-25,9,yes,0,
speedzone-web.com,checked,200,2026-08-25,8,yes,0,
dermaestheticsusa.com,checked,200,2026-08-25,9,yes,0,
rif.la,checked,200,2026-08-25,9,yes,0,
kanzengames.com,checked,200,2026-08-25,8,yes,0,
fonteyn.nl,checked,200,2026-08-25,9,yes,0,
genparts.eu,checked,200,2026-08-25,9,yes,0,
energymuse.com,checked,200,2026-08-25,8,yes,0,
chalktalksports.com,checked,200,2026-08-25,9,yes,0,
hammitt.com,checked,200,2026-08-25,9,yes,0,
details.co.uk,checked,200,2026-08-25,9,yes,0,
baffin.com,checked,200,2026-08-25,9,yes,0,
partywinkel.nl,checked,200,2026-08-25,9,yes,0,
proworldinc.com,checked,200,2026-08-25,9,yes,0,
doogee.com,checked,200,2026-08-25,9,yes,0,
naturesmiracle.in,checked,200,2026-08-25,9,yes,0,
goldendiscs.ie,checked,200,2026-08-25,8,yes,0,
lawsonproducts.com,checked,200,2026-08-25,8,yes,0,
hominginstincts.com.au,checked,200,2026-08-25,9,yes,0,
tmsmusic.co,checked,200,2026-08-25,9,yes,0,
crashrecords.co.uk,checked,200,2026-08-25,9,yes,0,
ustiles.com,checked,200,2026-08-25,8,yes,0,
tacoma-games.com,checked,200,2026-08-25,8,yes,0,
spoke-art.com,checked,200,2026-08-25,9,yes,0,
tl.com.py,checked,200,2026-08-25,9,yes,0,
wooltariusa.com,checked,200,2026-08-25,8,yes,0,
bawasfurn.com,checked,200,2026-08-25,8,yes,0,
billowyshop.com,checked,200,2026-08-25,9,yes,0,
fluchos.es,checked,200,2026-08-25,8,yes,0,
thoro650.com,checked,200,2026-08-25,9,yes,0,
yokono.es,checked,200,2026-08-25,8,yes,0,
goldspot.com,checked,200,2026-08-25,9,yes,0,
beckettsimonon.com,checked,200,2026-08-25,8,yes,0,
wunderwelt.jp,checked,200,2026-08-25,8,yes,0,
girlfriend.com,checked,200,2026-08-25,8,yes,0,
gearmusthave.com,checked,200,2026-08-25,9,yes,0,
batikboutique.com,checked,200,2026-08-25,9,yes,0,
restaurantstock.com,checked,200,2026-08-25,9,yes,0,
avantree.com,checked,200,2026-08-25,9,yes,0,
mamoriginals.es,checked,200,2026-08-25,9,yes,0,
bohin.com,checked,200,2026-08-25,9,yes,0,
itwigs.com.br,checked,200,2026-08-25,9,yes,0,
dndmini.com,checked,200,2026-08-25,8,yes,0,
lagreentouch.de,checked,200,2026-08-25,8,yes,0,
winstores.com,checked,200,2026-08-25,9,yes,0,
ridealso.com,checked,200,2026-08-25,8,yes,0,
woodencork.com,checked,200,2026-08-25,9,yes,0,
astramakeup.com,checked,200,2026-08-25,9,yes,0,
mustsociete.com,checked,200,2026-08-25,8,yes,0,
vosgeschocolate.com,checked,200,2026-08-25,9,yes,0,
allparts.com,checked,200,2026-08-25,9,yes,0,
cardcosmos.de,checked,200,2026-08-25,8,yes,0,
tipsyelves.com,checked,200,2026-08-25,8,yes,0,
cabinzero.com,checked,200,2026-08-25,8,yes,0,
kopkegroupwineshop.com,checked,200,2026-08-25,9,yes,0,
bronzesnake.com,checked,200,2026-08-25,9,yes,0,
sacai.jp,checked,200,2026-08-25,8,yes,0,
rickyandthebossman.com,checked,200,2026-08-25,8,yes,0,
vx-3.com,checked,200,2026-08-25,9,yes,0,
straykidsshop.com,checked,200,2026-08-25,9,yes,0,
sabon.co.jp,checked,200,2026-08-25,9,yes,0,
bigforkbrands.com,checked,200,2026-08-25,9,yes,0,
lexception.com,checked,200,2026-08-25,9,yes,0,
theop.games,checked,200,2026-08-25,9,yes,0,
singleprice.com,checked,200,2026-08-25,8,yes,0,
malbon.com,checked,200,2026-08-25,9,yes,0,
khatam.com.my,checked,200,2026-08-25,9,yes,0,
cdsvinyljapan.com,checked,200,2026-08-25,9,yes,0,
ybook.co.il,checked,200,2026-08-25,8,yes,0,
selfieleslie.com,checked,200,2026-08-25,9,yes,0,
scottevest.com,checked,200,2026-08-25,8,yes,0,
maingear.com,checked,200,2026-08-25,9,yes,0,
angelusdirect.com,checked,200,2026-08-25,9,yes,0,
furniturewholesaletothepublic.com,checked,200,2026-08-25,8,yes,0,
racquetguys.ca,checked,200,2026-08-25,9,yes,0,
meetcircle.com,checked,200,2026-08-25,9,yes,0,
hifigo.com,checked,200,2026-08-25,8,yes,0,
scentworku.com,checked,200,2026-08-25,9,yes,0,
creedboutique.com,checked,200,2026-08-25,9,yes,0,
motobuys.com,checked,200,2026-08-25,9,yes,0,
milkmakeup.com,checked,200,2026-08-25,9,yes,0,
countryhousefurniture.net,checked,200,2026-08-25,9,yes,0,
lowbrowcustoms.com,checked,200,2026-08-25,9,yes,0,
fosiaudio.com,checked,200,2026-08-25,8,yes,0,
discovernutrisource.com,checked,200,2026-08-25,9,yes,0,
smokea.com,checked,200,2026-08-25,8,yes,0,
furnituretogosi.com,checked,200,2026-08-25,9,yes,0,
oversoyed.com,checked,200,2026-08-25,9,yes,0,
giftsforgood.com,checked,200,2026-08-25,9,yes,0,
turcamart.com,checked,200,2026-08-25,9,yes,0,
shopteacups.com,checked,200,2026-08-25,8,yes,0,
lifebeforeplastic.co.uk,checked,200,2026-08-25,9,yes,0,
beautybrands.com,checked,200,2026-08-25,8,yes,0,
tcpglobal.com,checked,200,2026-08-25,9,yes,0,
retraced.com,checked,200,2026-08-25,9,yes,0,
jayagrocer.com,checked,200,2026-08-25,9,yes,0,
simify.com,checked,200,2026-08-25,8,yes,0,
flasharkracing.com,checked,200,2026-08-25,9,yes,0,
jott.com,checked,200,2026-08-25,8,yes,0,
caninestyles.com,checked,200,2026-08-25,9,yes,0,
hilosports.de,checked,200,2026-08-25,8,yes,0,
monticellomattress.com,checked,200,2026-08-25,9,yes,0,
factoryfurniture.shop,checked,200,2026-08-25,9,yes,0,
giftory.com,checked,200,2026-08-25,8,yes,0,
powdervalley.com,checked,200,2026-08-25,9,yes,0,
yellowshoes.com,checked,200,2026-08-25,9,yes,0,
satechi.net,checked,200,2026-08-25,8,yes,0,
final-inc.com,checked,200,2026-08-25,9,yes,0,
flipsidegaming.com,checked,200,2026-08-25,9,yes,0,
betabrand.com,checked,200,2026-08-25,9,yes,0,
bargainchemist.co.nz,checked,200,2026-08-25,8,yes,0,
gelshadow.com,checked,200,2026-08-25,8,yes,0,
capezio.com,checked,200,2026-08-25,8,yes,0,
ensorings.com,checked,200,2026-08-25,9,yes,0,
thepauselife.com,checked,200,2026-08-25,8,yes,0,
nestig.com,checked,200,2026-08-25,8,yes,0,
olivercabell.com,checked,200,2026-08-25,9,yes,0,
replayguitar.com,unreachable,401,,,,,
99store.co.in,checked,200,2026-08-25,8,yes,0,
acwo.com,checked,200,2026-08-25,8,yes,0,
akvaari.com,checked,200,2026-08-25,8,yes,0,
amara-fiore.com,checked,200,2026-08-25,9,yes,0,
bergnerhome.in,checked,200,2026-08-25,9,yes,0,
bersache.com,checked,200,2026-08-25,9,yes,0,
biancalorenzi.it,checked,200,2026-08-25,9,yes,0,
catoroosen.nl,checked,200,2026-08-25,9,yes,0,
championskit.in,checked,200,2026-08-25,9,yes,0,
columbia.pe,checked,200,2026-08-25,8,yes,0,
desisandook.in,checked,200,2026-08-25,9,yes,0,
enkasa.pe,checked,200,2026-08-25,9,yes,0,
europagricultproduct.com,checked,200,2026-08-25,8,yes,0,
fangoral.com,checked,200,2026-08-25,9,yes,0,
forgefjord.com,checked,200,2026-08-25,9,yes,0,
glossy-pearl.info,checked,200,2026-08-25,9,yes,0,
hakahonu.cl,checked,200,2026-08-25,9,yes,0,
hikecarewinkel.nl,checked,200,2026-08-25,9,yes,0,
hreas.com,checked,200,2026-08-25,8,yes,0,
illanificio.it,checked,200,2026-08-25,8,yes,0,
indiansoccermart.in,checked,200,2026-08-25,8,yes,0,
janswasthyavitran.com,checked,200,2026-08-25,9,yes,0,
jskindia.shop,checked,200,2026-08-25,9,yes,0,
kaybeauty.com,checked,200,2026-08-25,9,yes,0,
kindcolor.com,checked,200,2026-08-25,9,yes,0,
leaf-cosmetics.com,checked,200,2026-08-25,8,yes,0,
lemkus.com,checked,200,2026-08-25,8,yes,0,
likenlike.in,checked,200,2026-08-25,9,yes,0,
lostmybuds.com,checked,200,2026-08-25,9,yes,0,
metatechtr.com,unreachable,,,,,,
monisqui.com,checked,200,2026-08-25,9,yes,0,
mundohonda.cr,checked,200,2026-08-25,8,yes,0,
myescplan.com,checked,200,2026-08-25,8,yes,0,
mywestern.in,checked,200,2026-08-25,8,yes,0,
nuriacobo.com,checked,200,2026-08-25,8,yes,0,
nveda.in,checked,200,2026-08-25,9,yes,0,
oriba.shop,checked,200,2026-08-25,9,yes,0,
oudstore.com,checked,200,2026-08-25,8,yes,0,
parulgargbeauty.com,checked,200,2026-08-25,9,yes,0,
pepco.hr,checked,200,2026-08-25,9,yes,0,
poliskart.com,checked,200,2026-08-25,9,yes,0,
prisachi.com,checked,200,2026-08-25,9,yes,0,
qnkmia.es,checked,200,2026-08-25,8,yes,0,
seoulskin.in,checked,200,2026-08-25,8,yes,0,
shinshade.com,checked,200,2026-08-25,9,yes,0,
shopfootball.in,checked,200,2026-08-25,9,yes,0,
sonaherbal.com,checked,200,2026-08-25,9,yes,0,
sonia-zagreb.com,checked,200,2026-08-25,9,yes,0,
soulflower.in,checked,200,2026-08-25,9,yes,0,
sudexpress.fr,checked,200,2026-08-25,8,yes,0,
sundek.it,checked,200,2026-08-25,9,yes,0,
the99jewel.com,checked,200,2026-08-25,8,yes,0,
thejerseynation.in,checked,200,2026-08-25,9,yes,0,
tiendacruzazul.mx,checked,200,2026-08-25,8,yes,0,
trendzjewellery.com,checked,200,2026-08-25,9,yes,0,
trevonia.com,checked,200,2026-08-25,9,yes,0,
tweensinvisifit.com,checked,200,2026-08-25,9,yes,0,
uniqly.in,checked,200,2026-08-25,8,yes,0,
utsarees.in,checked,200,2026-08-25,9,yes,0,
valentinavoss.es,checked,200,2026-08-25,8,yes,0,
vanrozenutrecht.nl,checked,200,2026-08-25,8,yes,0,
vasky.cz,checked,200,2026-08-25,9,yes,0,
vastrang.in,checked,200,2026-08-25,8,yes,0,
vientovida.es,checked,200,2026-08-25,9,yes,0,
zenin.co.in,checked,200,2026-08-25,8,yes,0,
zhicayfoods.com,checked,200,2026-08-25,9,yes,0,
sellioapps.com,unreachable,409,,,,,
maono.com,checked,200,2026-08-25,9,yes,0,
originusa.com,checked,200,2026-08-25,8,yes,0,
modretro.com,checked,200,2026-08-25,8,yes,0,
golebysparts.au,checked,200,2026-08-25,9,yes,0,
fn-jeep.com,checked,200,2026-08-25,9,yes,0,
timym0.work,checked,200,2026-08-25,8,yes,0,
coolizi.com,checked,200,2026-08-25,9,yes,0,
sanuk.com,checked,200,2026-08-25,9,yes,0,
bartonwatchbands.com,checked,200,2026-08-25,9,yes,0,
arthousesf.com,checked,200,2026-08-25,9,yes,0,
buffalojackson.com,checked,200,2026-08-25,9,yes,0,
adventuresportsusa.com,checked,200,2026-08-25,8,yes,0,
bruichladdich.com,checked,200,2026-08-25,8,yes,0,
hemlockandoak.com,checked,200,2026-08-25,8,yes,0,
malo.com,checked,200,2026-08-25,9,yes,0,
bodywel.com,checked,200,2026-08-25,8,yes,0,
endurasport.com,checked,200,2026-08-25,9,yes,0,
astrthelabel.com,checked,200,2026-08-25,9,yes,0,
theblackkeys.com,checked,200,2026-08-25,8,yes,0,
combatarena.it,checked,200,2026-08-25,8,yes,0,
pinklily.com,checked,200,2026-08-25,8,yes,0,
peepers.com,checked,200,2026-08-25,9,yes,0,
scrap-a-doodles.com,checked,200,2026-08-25,8,yes,0,
masterbuilt.com,checked,200,2026-08-25,9,yes,0,
johnbeerens.com,checked,200,2026-08-25,9,yes,0,
yumo.ca,checked,200,2026-08-25,9,yes,0,
madisonavenuecouture.com,checked,200,2026-08-25,9,yes,0,
joooooy.com,checked,200,2026-08-25,8,yes,0,
amechef.com,checked,200,2026-08-25,9,yes,0,
lashify.com,checked,200,2026-08-25,9,yes,0,
historicalemporium.com,checked,200,2026-08-25,8,yes,0,
wellandvalleyfeeds.co.uk,checked,200,2026-08-25,9,yes,0,
levoit.com,checked,200,2026-08-25,9,yes,0,
abracadabranyc.com,checked,200,2026-08-25,8,yes,0,
japan2uk.com,checked,200,2026-08-25,8,yes,0,
litime.com,checked,200,2026-08-25,8,yes,0,
theskinnyfoodco.com,checked,200,2026-08-25,9,yes,0,
frilivin.fr,checked,200,2026-08-25,8,yes,0,
hollowsocks.com,checked,200,2026-08-25,8,yes,0,
factoryfast.com.au,checked,200,2026-08-25,9,yes,0,
stjohnknits.com,checked,200,2026-08-25,9,yes,0,
leatt.com,invalid,200,,,,,
keepcup.com,checked,200,2026-08-25,9,yes,0,
matadorequipment.com,checked,200,2026-08-25,9,yes,0,
stellaandchewys.com,checked,200,2026-08-25,9,yes,0,
fangpi.net,blocked,403,,,,,
ricardoalmeida.com.br,checked,200,2026-08-25,8,yes,0,
jumboplay.com,checked,200,2026-08-25,8,yes,0,
myfreebird.com,checked,200,2026-08-25,8,yes,0,
primeloops.com,checked,200,2026-08-25,9,yes,0,
inooko.com,checked,200,2026-08-25,9,yes,0,
manicpanic.com,checked,200,2026-08-25,8,yes,0,
grimms.eu,checked,200,2026-08-25,9,yes,0,
elitetruck.com,checked,200,2026-08-25,8,yes,0,
bookhero.co.nz,checked,200,2026-08-25,8,yes,0,
trans-siberian.com,checked,200,2026-08-25,8,yes,0,
techforless.com,checked,200,2026-08-25,8,yes,0,
shopjustsports.com,checked,200,2026-08-25,8,yes,0,
pret-a-beaute.com,checked,200,2026-08-25,9,yes,0,
romantix.com,checked,200,2026-08-25,8,yes,0,
cecred.com,checked,200,2026-08-25,8,yes,0,
westwing.it,checked,200,2026-08-25,8,yes,0,
saraclothes.com,checked,200,2026-08-25,9,yes,0,
wetnwildbeauty.com,checked,200,2026-08-25,8,yes,0,
innova.com,checked,200,2026-08-25,8,yes,0,
thedailygraceco.com,checked,200,2026-08-25,8,yes,0,
upswing.ch,checked,200,2026-08-25,9,yes,0,
vetscriptions.co.uk,checked,200,2026-08-25,9,yes,0,
weldingsupply.com.au,checked,200,2026-08-25,9,yes,0,
solawave.co,checked,200,2026-08-25,9,yes,0,
wickedweasel.com,checked,200,2026-08-25,8,yes,0,
muckbootcompany.com,checked,200,2026-08-25,9,yes,0,
beyondbev.de,checked,200,2026-08-25,8,yes,0,
honestmed.com,checked,200,2026-08-25,9,yes,0,
canadabilliard.com,checked,200,2026-08-25,8,yes,0,
juliakaydesign.com,checked,200,2026-08-25,8,yes,0,
xendurance.com,checked,200,2026-08-25,9,yes,0,
westwing.nl,checked,200,2026-08-25,8,yes,0,
citiesstore.com,checked,200,2026-08-25,8,yes,0,
glhair.uk,checked,200,2026-08-25,9,yes,0,
ronita.com.au,checked,200,2026-08-25,8,yes,0,
airoasis.com,checked,200,2026-08-25,9,yes,0,
gardenistauk.com,checked,200,2026-08-25,9,yes,0,
goodnessme.ca,checked,200,2026-08-25,9,yes,0,
pittieclothing.com,checked,200,2026-08-25,9,yes,0,
sasa.com,checked,200,2026-08-25,9,yes,0,
murad.co.uk,checked,200,2026-08-25,8,yes,0,
burg.biz,checked,200,2026-08-25,8,yes,0,
pesoclo.com,checked,200,2026-08-25,9,yes,0,
lindas.com,checked,200,2026-08-25,9,yes,0,
saxxunderwear.com,checked,200,2026-08-25,9,yes,0,
jafra.com,checked,200,2026-08-25,8,yes,0,
emijay.com,checked,200,2026-08-25,9,yes,0,
questmoorpharmacy.co.uk,checked,200,2026-08-25,9,yes,0,
modista.cl,checked,200,2026-08-25,9,yes,0,
ullajohnson.com,checked,200,2026-08-25,9,yes,0,
bensonsofludlow.co.uk,checked,200,2026-08-25,9,yes,0,
savearound.com,checked,200,2026-08-25,8,yes,0,
woolery.com,checked,200,2026-08-25,9,yes,0,
barewoodoutlet.com,checked,200,2026-08-25,8,yes,0,
brandedbills.com,checked,200,2026-08-25,8,yes,0,
preownedweddingdresses.com,checked,200,2026-08-25,9,yes,0,
vinylkitchen.co.nz,checked,200,2026-08-25,9,yes,0,
scentfill.com,checked,200,2026-08-25,9,yes,0,
sodastream.de,checked,200,2026-08-25,8,yes,0,
idealfurnituresinc.com,unreachable,402,,,,,
sugarlips.com,checked,200,2026-08-25,9,yes,0,
trueshotammo.com,checked,200,2026-08-25,9,yes,0,
furniturebazaar.com.au,checked,200,2026-08-25,9,yes,0,
greatgardenplants.com,checked,200,2026-08-25,8,yes,0,
louisemisha.com,checked,200,2026-08-25,9,yes,0,
corston.com,checked,200,2026-08-25,8,yes,0,
judithwilliams.com,checked,200,2026-08-25,8,yes,0,
royalfurniturefresno.com,checked,200,2026-08-25,9,yes,0,
slamcity.com,checked,200,2026-08-25,8,yes,0,
silkroll.com,checked,200,2026-08-25,9,yes,0,
grw-furniture.com,checked,200,2026-08-25,9,yes,0,
bouldernordic.com,checked,200,2026-08-25,8,yes,0,
christydawn.com,checked,200,2026-08-25,9,yes,0,
mysweethomefurniture.com,checked,200,2026-08-25,9,yes,0,
patrickta.com,checked,200,2026-08-25,9,yes,0,
mnml.la,checked,200,2026-08-25,9,yes,0,
myfurniturehouse.com,checked,200,2026-08-25,8,yes,0,
randco.com,checked,200,2026-08-25,9,yes,0,
davidwolfe.com,checked,200,2026-08-25,9,yes,0,
londonkelly.co,checked,200,2026-08-25,9,yes,0,
naturalbabyshower.co.uk,checked,200,2026-08-25,8,yes,0,
pulsar.gg,checked,200,2026-08-25,9,yes,0,
discountfurnituremanassasva.com,checked,200,2026-08-25,9,yes,0,
gainesvillediscountfurniture.com,checked,200,2026-08-25,9,yes,0,
rebelliousfashion.com,checked,200,2026-08-25,8,yes,0,
fandiem.com,checked,200,2026-08-25,8,yes,0,
outpostbrussels.be,checked,200,2026-08-25,8,yes,0,
wecarepharma.mx,checked,200,2026-08-25,9,yes,0,
pollardcncspares.com,checked,200,2026-08-25,8,yes,0,
businessmodelcanvastemplate.com,unreachable,,,,,,
mtckitchen.com,checked,200,2026-08-25,9,yes,0,
lansinoh.com,checked,200,2026-08-25,9,yes,0,
centurymartialarts.com,checked,200,2026-08-25,9,yes,0,
mariab.ae,checked,200,2026-08-25,9,yes,0,
sikara.com,checked,200,2026-08-25,9,yes,0,
bobochoses.com,checked,200,2026-08-25,9,yes,0,
boutiquelapioche.com,checked,200,2026-08-25,9,yes,0,
nitori.co.in,checked,200,2026-08-25,8,yes,0,
waterdropfilter.eu,checked,200,2026-08-25,9,yes,0,
fashioneyewear.com,checked,200,2026-08-25,8,yes,0,
sergiorossi.com,checked,200,2026-08-25,9,yes,0,
eosdesignsstudio.com,checked,200,2026-08-25,9,yes,0,
farbank.com,checked,200,2026-08-25,8,yes,0,
sewingmachinesplus.com,checked,200,2026-08-25,9,yes,0,
blissworld.com,checked,200,2026-08-25,8,yes,0,
alexandersfurniturestore.com,checked,200,2026-08-25,8,yes,0,
cafephilebus.com,checked,200,2026-08-25,9,yes,0,
creativebooster.net,checked,200,2026-08-25,9,yes,0,
vogue-eyewear.com,checked,200,2026-08-25,8,yes,0,
metapcs.com,checked,200,2026-08-25,8,yes,0,
scissortechaustralia.com.au,checked,200,2026-08-25,9,yes,0,
cheapscrapbookstuff.com,checked,200,2026-08-25,9,yes,0,
rugsofbeauty.com.au,checked,200,2026-08-25,9,yes,0,
rapidradios.com,checked,200,2026-08-25,9,yes,0,
libertysafe.com,checked,200,2026-08-25,9,yes,0,
bulkorderusa.com,checked,200,2026-08-25,9,yes,0,
seintofficial.com,checked,200,2026-08-25,8,yes,0,
tanotis.com,checked,200,2026-08-25,8,yes,0,
wooland.com,checked,200,2026-08-25,8,yes,0,
bran-castle.com,checked,200,2026-08-25,9,yes,0,
kanthabae.com,checked,200,2026-08-25,9,yes,0,
lovisajewellery.co.za,checked,200,2026-08-25,8,yes,0,
sportfirsteltham.com.au,checked,200,2026-08-25,9,yes,0,
tokidoki.it,checked,200,2026-08-25,8,yes,0,
marais.com.au,checked,200,2026-08-25,9,yes,0,
olympiafurnitureonline.com,checked,200,2026-08-25,8,yes,0,
zubaidasonline.com,checked,200,2026-08-25,8,yes,0,
branchfurniture.com,checked,200,2026-08-25,8,yes,0,
loganspianos.com.au,checked,200,2026-08-25,9,yes,0,
artventures-nwa.org,checked,200,2026-08-25,8,yes,0,
southerntide.com,checked,200,2026-08-25,8,yes,0,
penboutique.com,checked,200,2026-08-25,9,yes,0,
fineartcanvas.com,checked,200,2026-08-25,8,yes,0,
savannahs.com,checked,200,2026-08-25,8,yes,0,
skil.com,checked,200,2026-08-25,9,yes,0,
pigletinbed.com,checked,200,2026-08-25,9,yes,0,
esp-tech.com,checked,200,2026-08-25,9,yes,0,
unboundmerino.com,checked,200,2026-08-25,9,yes,0,
firepitsurplus.com,checked,200,2026-08-25,8,yes,0,
flora4pets.com,checked,200,2026-08-25,8,yes,0,
winxclub.com,checked,200,2026-08-25,8,yes,0,
fusion-bags.com,checked,200,2026-08-25,8,yes,0,
jamoona.com,checked,200,2026-08-25,9,yes,0,
fastenersplus.com,checked,200,2026-08-25,8,yes,0,
muddymats.com,checked,200,2026-08-25,8,yes,0,
somacacao.com.au,checked,200,2026-08-25,9,yes,0,
darkhorsedirect.com,checked,200,2026-08-25,8,yes,0,
dutchgrown.co.uk,checked,200,2026-08-25,9,yes,0,
thesomewhereco.com,checked,200,2026-08-25,8,yes,0,
brodandtaylor.com.au,checked,200,2026-08-25,9,yes,0,
bagsinbulk.com,checked,200,2026-08-25,9,yes,0,
pill.com.br,checked,200,2026-08-25,9,yes,0,
summitrug.com,checked,200,2026-08-25,9,yes,0,
kaufmansfurniturega.com,checked,200,2026-08-25,8,yes,0,
lifeboostcoffee.com,checked,200,2026-08-25,9,yes,0,
yeppo.cl,checked,200,2026-08-25,9,yes,0,
caqapublications.com,checked,200,2026-08-25,9,yes,0,
chrisking.com,checked,200,2026-08-25,8,yes,0,
tropic.com,checked,200,2026-08-25,8,yes,0,
bijsmaak.com,checked,200,2026-08-25,9,yes,0,
pmctechlife.co.za,checked,200,2026-08-25,8,yes,0,
neona.store,checked,200,2026-08-25,9,yes,0,
bandolierstyle.com,checked,200,2026-08-25,9,yes,0,
grafs.com,checked,200,2026-08-25,8,yes,0,
redtigercam.com,checked,200,2026-08-25,9,yes,0,
adj.com,checked,200,2026-08-25,9,yes,0,
phomemo.com,checked,200,2026-08-25,9,yes,0,
gisou.com,checked,200,2026-08-25,9,yes,0,
shopvitality.com,blocked,403,,,,,
knoxfurniture4u.com,checked,200,2026-08-25,9,yes,0,
mia-bijoux.ca,checked,200,2026-08-25,9,yes,0,
shopsuki.ph,checked,200,2026-08-25,8,yes,0,
extrabutterny.com,checked,200,2026-08-25,8,yes,0,
united-arrows-global.com,checked,200,2026-08-25,8,yes,0,
arearugco.com,checked,200,2026-08-25,9,yes,0,
vitabuena.com,checked,200,2026-08-25,8,yes,0,
wildoakboutique.com,checked,200,2026-08-25,9,yes,0,
gohaus.com,checked,200,2026-08-25,9,yes,0,
mymemory.co.uk,checked,200,2026-08-25,9,yes,0,
bakeit.it,checked,200,2026-08-25,9,yes,0,
banoidea.com,checked,200,2026-08-25,9,yes,0,
boiilife.com,checked,200,2026-08-25,9,yes,0,
thegreenbeautyconcept.com,checked,200,2026-08-25,8,yes,0,
okmdetectors.com,checked,200,2026-08-25,9,yes,0,
goldencollections.net,checked,200,2026-08-25,9,yes,0,
haibike.com,checked,200,2026-08-25,8,yes,0,
mummycooks.com,checked,200,2026-08-25,8,yes,0,
fbrq.com,checked,200,2026-08-25,9,yes,0,
lambertvetsupply.com,checked,200,2026-08-25,8,yes,0,
sealandgov.org,checked,200,2026-08-25,8,yes,0,
iamjai.com,checked,200,2026-08-25,9,yes,0,
urbanthreads.com,checked,200,2026-08-25,9,yes,0,
alabamafurnituremarket.com,no-profile,404,,,,,
sassyclassy.de,checked,200,2026-08-25,9,yes,0,
magpiely.com.bd,checked,200,2026-08-25,9,yes,0,
accurascale.com,checked,200,2026-08-25,9,yes,0,
shoprevelry.com,checked,200,2026-08-25,9,yes,0,
feelfabrics.com,checked,200,2026-08-25,9,yes,0,
bonescoffee.com,checked,200,2026-08-25,9,yes,0,
mihometownfurnishings.com,checked,200,2026-08-25,8,yes,0,
wildgrain.com,checked,200,2026-08-25,9,yes,0,
bokksu.com,checked,200,2026-08-25,9,yes,0,
tekoforlife.co.uk,checked,200,2026-08-25,8,yes,0,
kids2.com,checked,200,2026-08-25,9,yes,0,
museumofjewelry.com,checked,200,2026-08-25,9,yes,0,
roka.com,checked,200,2026-08-25,9,yes,0,
haustierkost.de,checked,200,2026-08-25,8,yes,0,
032c.com,checked,200,2026-08-25,8,yes,0,
billsdiscountcenter.com,checked,200,2026-08-25,9,yes,0,
pavlok.com,checked,200,2026-08-25,9,yes,0,
palladiumboots.com,checked,200,2026-08-25,8,yes,0,
ohmycream.com,checked,200,2026-08-25,9,yes,0,
cominghometexas.com,checked,200,2026-08-25,8,yes,0,
7pandas.com.au,checked,200,2026-08-25,9,yes,0,
schottnyc.com,checked,200,2026-08-25,9,yes,0,
abhikajewels.com,checked,200,2026-08-25,9,yes,0,
saneshoppe.com,checked,200,2026-08-25,8,yes,0,
parts4engines.com,checked,200,2026-08-25,9,yes,0,
tynorstore.com,checked,200,2026-08-25,9,yes,0,
biordi.com,checked,200,2026-08-25,9,yes,0,
kappahobby.com,checked,200,2026-08-25,8,yes,0,
centerfiresystems.com,checked,200,2026-08-25,8,yes,0,
getultimatenow.com,checked,200,2026-08-25,9,yes,0,
floralshe.com,checked,200,2026-08-25,8,yes,0,
hugrug.co.uk,checked,200,2026-08-25,9,yes,0,
totemshop.com,checked,200,2026-08-25,8,yes,0,
aovofix.co.uk,checked,200,2026-08-25,9,yes,0,
racedayquads.com,checked,200,2026-08-25,9,yes,0,
marshallscientific.com,checked,200,2026-08-25,9,yes,0,
magiclinen.com,checked,200,2026-08-25,8,yes,0,
biglaces.com,checked,200,2026-08-25,9,yes,0,
revivalanimal.com,checked,200,2026-08-25,8,yes,0,
priveperfumes.com,checked,200,2026-08-25,9,yes,0,
mobileleb.com,checked,200,2026-08-25,9,yes,0,
trayvax.com,checked,200,2026-08-25,9,yes,0,
spkr.store,checked,200,2026-08-25,8,yes,0,
litlookzstudio.com,checked,200,2026-08-25,8,yes,0,
tryrosabella.com,checked,200,2026-08-25,9,yes,0,
gyroorboard.com,checked,200,2026-08-25,9,yes,0,
cookinglife.nl,checked,200,2026-08-25,8,yes,0,
cuddleandkind.com,checked,200,2026-08-25,8,yes,0,
mountainhouse.com,checked,200,2026-08-25,9,yes,0,
eidonlife.com,checked,200,2026-08-25,8,yes,0,
coastaltool.com,checked,200,2026-08-25,9,yes,0,
inhomefurnituregallery.com,checked,200,2026-08-25,8,yes,0,
superfeet.com,checked,200,2026-08-25,8,yes,0,
instruments-du-monde.com,checked,200,2026-08-25,9,yes,0,
oilily.com,checked,200,2026-08-25,8,yes,0,
919wines.com.au,checked,200,2026-08-25,9,yes,0,
mikesbikes.com,checked,200,2026-08-25,9,yes,0,
ezfurnitureae.com,checked,200,2026-08-25,9,yes,0,
littlewordsproject.com,checked,200,2026-08-25,9,yes,0,
delforno.ie,checked,200,2026-08-25,9,yes,0,
modelousa.com,checked,200,2026-08-25,9,yes,0,
knobdepot.com,checked,200,2026-08-25,8,yes,0,
cleansimpleeats.com,checked,200,2026-08-25,9,yes,0,
horcery.com,checked,200,2026-08-25,8,yes,0,
bigme.vip,checked,200,2026-08-25,8,yes,0,
sugarhillbrighton.com,checked,200,2026-08-25,9,yes,0,
chalkys.com,checked,200,2026-08-25,8,yes,0,
danceandsway.com,checked,200,2026-08-25,9,yes,0,
peltzshoes.com,checked,200,2026-08-25,9,yes,0,
hayesbicycle.com,checked,200,2026-08-25,8,yes,0,
spyder.com,checked,200,2026-08-25,8,yes,0,
genomedesign.co.uk,checked,200,2026-08-25,9,yes,0,
cosmiccollectables.co.uk,checked,200,2026-08-25,9,yes,0,
kosas.com,checked,200,2026-08-25,9,yes,0,
sansarushop.com,checked,200,2026-08-25,8,yes,0,
teneouk.com,checked,200,2026-08-25,8,yes,0,
bedjet.com,checked,200,2026-08-25,9,yes,0,
wishbeads.com,checked,200,2026-08-25,8,yes,0,
techstudio.ch,checked,200,2026-08-25,8,yes,0,
americanduchess.com,checked,200,2026-08-25,8,yes,0,
taosfootwear.com,checked,200,2026-08-25,9,yes,0,
swissgear.com,checked,200,2026-08-25,9,yes,0,
contrapunto.cl,checked,200,2026-08-25,8,yes,0,
ranchogordo.com,checked,200,2026-08-25,9,yes,0,
annasui.com,checked,200,2026-08-25,8,yes,0,
deserres.ca,checked,200,2026-08-25,8,yes,0,
billyreid.com,checked,200,2026-08-25,8,yes,0,
scotclans.com,checked,200,2026-08-25,9,yes,0,
riiroo.com,checked,200,2026-08-25,9,yes,0,
affordablefurniturehouston.com,checked,200,2026-08-25,8,yes,0,
eliteelevensporting.com,checked,200,2026-08-25,9,yes,0,
delugs.com,checked,200,2026-08-25,8,yes,0,
guitarpusher.com,checked,200,2026-08-25,9,yes,0,
piquelife.com,checked,200,2026-08-25,9,yes,0,
lonerider.com,checked,200,2026-08-25,8,yes,0,
finecellwork.co.uk,checked,200,2026-08-25,9,yes,0,
chesshouse.com,checked,200,2026-08-25,9,yes,0,
aurelien-online.com,checked,200,2026-08-25,9,yes,0,
cycletyres.fr,checked,200,2026-08-25,9,yes,0,
jmweston.com,checked,200,2026-08-25,8,yes,0,
fashionbrandcompany.com,checked,200,2026-08-25,9,yes,0,
clickandgrow.com,checked,200,2026-08-25,8,yes,0,
ambikajapan.com,checked,200,2026-08-25,9,yes,0,
indiepubs.com,checked,200,2026-08-25,8,yes,0,
perfectsnacks.com,checked,200,2026-08-25,8,yes,0,
downpour.com,checked,200,2026-08-25,8,yes,0,
hufworldwide.com,checked,200,2026-08-25,9,yes,0,
hillmalaya.com.hk,checked,200,2026-08-25,9,yes,0,
freeflyapparel.com,checked,200,2026-08-25,9,yes,0,
decorsteals.com,checked,200,2026-08-25,8,yes,0,
bellalunatoys.com,checked,200,2026-08-25,8,yes,0,
jnlgame.com,checked,200,2026-08-25,8,yes,0,
smallflower.com,checked,200,2026-08-25,9,yes,0,
nellaonline.com,checked,200,2026-08-25,8,yes,0,
getfreewrite.com,checked,200,2026-08-25,8,yes,0,
desimovies.biz,checked,200,2026-08-25,9,yes,0,
booghe.co.uk,checked,200,2026-08-25,9,yes,0,
karhu.com,checked,200,2026-08-25,8,yes,0,
rixolondon.com,checked,200,2026-08-25,9,yes,0,
marjolaine.fr,checked,200,2026-08-25,8,yes,0,
papress.com,checked,200,2026-08-25,9,yes,0,
sily.mx,checked,200,2026-08-25,9,yes,0,
bohomoon.com,checked,200,2026-08-25,9,yes,0,
albes.com,checked,200,2026-08-25,8,yes,0,
mantasleep.com,checked,200,2026-08-25,8,yes,0,
boeingstore.com,checked,200,2026-08-25,9,yes,0,
goldenapplecomics.com,checked,200,2026-08-25,9,yes,0,
rockabilia.com,checked,200,2026-08-25,9,yes,0,
foundimage.com,checked,200,2026-08-25,8,yes,0,
ziatile.com,checked,200,2026-08-25,8,yes,0,
buly1803.com,checked,200,2026-08-25,8,yes,0,
kodiakcakes.com,checked,200,2026-08-25,9,yes,0,
gldn.com,checked,200,2026-08-25,8,yes,0,
allianceofnativeseedkeepers.com,checked,200,2026-08-25,9,yes,0,
freshcleantees.com,checked,200,2026-08-25,8,yes,0,
craftclubco.com,checked,200,2026-08-25,9,yes,0,
deeppurple.com,checked,200,2026-08-25,8,yes,0,
myperfumeshop.com.au,checked,200,2026-08-25,8,yes,0,
shreehari.co,checked,200,2026-08-25,9,yes,0,
berninaofnaperville.com,checked,200,2026-08-25,8,yes,0,
superpatch.com,checked,200,2026-08-25,8,yes,0,
asmodee.co.uk,checked,200,2026-08-25,9,yes,0,
fiddlershop.com,checked,200,2026-08-25,8,yes,0,
lifeprintframes.com,unreachable,,,,,,
lemaire.fr,checked,200,2026-08-25,9,yes,0,
backyarddiscovery.com,checked,200,2026-08-25,9,yes,0,
happyv.com,checked,200,2026-08-25,9,yes,0,
madaracosmetics.com,checked,200,2026-08-25,9,yes,0,
ador.com,checked,200,2026-08-25,8,yes,0,
record.com.br,checked,200,2026-08-25,8,yes,0,
ardbeg.com,checked,200,2026-08-25,8,yes,0,
sleequipment.com,checked,200,2026-08-25,8,yes,0,
holdernessandbourne.com,checked,200,2026-08-25,8,yes,0,
neurogum.com,checked,200,2026-08-25,9,yes,0,
galvingreen.com,checked,200,2026-08-25,9,yes,0,
thunderbirdvapes.com,checked,200,2026-08-25,9,yes,0,
bulkbullion.com.au,checked,200,2026-08-25,9,yes,0,
myshoeshop.ca,checked,200,2026-08-25,8,yes,0,
murad.com.au,checked,200,2026-08-25,8,yes,0,
cheesemaking.com,checked,200,2026-08-25,9,yes,0,
lowfruitsolutions.com,checked,200,2026-08-25,8,yes,0,
vondutch.com,checked,200,2026-08-25,9,yes,0,
snakebiteco.com,checked,200,2026-08-25,9,yes,0,
oneskin.co,checked,200,2026-08-25,8,yes,0,
germanbuyhk.com,checked,200,2026-08-25,8,yes,0,
incipio.com,checked,200,2026-08-25,9,yes,0,
andar.com,checked,200,2026-08-25,9,yes,0,
pompomlondon.com,checked,200,2026-08-25,9,yes,0,
nomatic.com,checked,200,2026-08-25,9,yes,0,
triplemountain.com,checked,200,2026-08-25,9,yes,0,
thechiputt.com,checked,200,2026-08-25,8,yes,0,
whiteoakpastures.com,checked,200,2026-08-25,8,yes,0,
crossoverconceptstore.com,checked,200,2026-08-25,8,yes,0,
danielleguiziony.com,checked,200,2026-08-25,9,yes,0,
cheechandchong.com,checked,200,2026-08-25,8,yes,0,
filson.eu,checked,200,2026-08-25,8,yes,0,
boggbag.com,checked,200,2026-08-25,8,yes,0,
anndemeulemeester.com,checked,200,2026-08-25,9,yes,0,
beoneshopone.com,checked,200,2026-08-25,8,yes,0,
rotorriot.com,checked,200,2026-08-25,8,yes,0,
holmwoodsfurniture.com,checked,200,2026-08-25,9,yes,0,
seestar.com,checked,200,2026-08-25,9,yes,0,
cole-and-son.com,checked,200,2026-08-25,9,yes,0,
lastbottlewines.com,checked,200,2026-08-25,9,yes,0,
mypetchicken.com,checked,200,2026-08-25,8,yes,0,
queendancer.com,checked,200,2026-08-25,8,yes,0,
ev-lectron.com,checked,200,2026-08-25,9,yes,0,
ridebackwoods.com,checked,200,2026-08-25,9,yes,0,
westwing.fr,checked,200,2026-08-25,8,yes,0,
mvdshop.com,checked,200,2026-08-25,8,yes,0,
ottocast.com,checked,200,2026-08-25,9,yes,0,
anyahindmarch.com,checked,200,2026-08-25,8,yes,0,
sydneyrugsonline.com.au,checked,200,2026-08-25,9,yes,0,
corbelplace.com,checked,200,2026-08-25,9,yes,0,
paintedpaper.com,checked,200,2026-08-25,8,yes,0,
lacesandfrills.in,checked,200,2026-08-25,8,yes,0,
vxdas.com,checked,200,2026-08-25,9,yes,0,
spiceology.com,checked,200,2026-08-25,8,yes,0,
giuntialpunto.it,checked,200,2026-08-25,9,yes,0,
paynesgray.com,checked,200,2026-08-25,9,yes,0,
helidirect.com,checked,200,2026-08-25,9,yes,0,
woodenearth.com,checked,200,2026-08-25,9,yes,0,
tenways.com,checked,200,2026-08-25,8,yes,0,
spectr.com.au,checked,200,2026-08-25,9,yes,0,
wellmedr.com,checked,200,2026-08-25,9,yes,0,
calif.cc,checked,200,2026-08-25,9,yes,0,
portmantos.com,checked,200,2026-08-25,9,yes,0,
vspconsignment.com,checked,200,2026-08-25,8,yes,0,
irestorelaser.com,checked,200,2026-08-25,9,yes,0,
lenatreasurebox.com,checked,200,2026-08-25,8,yes,0,
fullhousefurnitureusa.com,checked,200,2026-08-25,9,yes,0,
barefootdreams.com,checked,200,2026-08-25,9,yes,0,
burrow.com,checked,200,2026-08-25,8,yes,0,
skin1004.com,checked,200,2026-08-25,8,yes,0,
candyfavorites.com,checked,200,2026-08-25,8,yes,0,
bestpricenutrition.com,checked,200,2026-08-25,9,yes,0,
4ritter.com,checked,200,2026-08-25,8,yes,0,
theruglady.com.au,checked,200,2026-08-25,9,yes,0,
zipscanners.com,checked,200,2026-08-25,9,yes,0,
roserypoetry.com,checked,200,2026-08-25,9,yes,0,
viofo.com,checked,200,2026-08-25,9,yes,0,
viltrox.com,checked,200,2026-08-25,9,yes,0,
steveshallmark.com,checked,200,2026-08-25,9,yes,0,
oka.com,checked,200,2026-08-25,9,yes,0,
marcomarsano.com,checked,200,2026-08-25,9,yes,0,
ebbets.com,checked,200,2026-08-25,8,yes,0,
floraqueen.com,checked,200,2026-08-25,9,yes,0,
iniushop.com,checked,200,2026-08-25,9,yes,0,
lifevac.net,checked,200,2026-08-25,9,yes,0,
tacautoparts.com,checked,200,2026-08-25,8,yes,0,
healthy.co.nz,checked,200,2026-08-25,9,yes,0,
lunafurn.com,checked,200,2026-08-25,8,yes,0,
kachava.com,checked,200,2026-08-25,8,yes,0,
sipwhiskey.com,checked,200,2026-08-25,8,yes,0,
lelabeldeparis.com,checked,200,2026-08-25,8,yes,0,
momina.store,checked,200,2026-08-25,9,yes,0,
santamadonna1891.com,checked,200,2026-08-25,8,yes,0,
cubestores.nl,checked,200,2026-08-25,8,yes,0,
niceonline.com,checked,200,2026-08-25,8,yes,0,
zoomhitskins.com,checked,200,2026-08-25,8,yes,0,
radilum.com,checked,200,2026-08-25,8,yes,0,
pureheartalchemy.com,checked,200,2026-08-25,9,yes,0,
boncharge.com,checked,200,2026-08-25,9,yes,0,
dmmetrology.com,checked,200,2026-08-25,9,yes,0,
patternbeauty.com,checked,200,2026-08-25,8,yes,0,
super73.com,checked,200,2026-08-25,8,yes,0,
dbjourney.com,checked,200,2026-08-25,9,yes,0,
taotronics.com,checked,200,2026-08-25,8,yes,0,
lemonpark.com,checked,200,2026-08-25,8,yes,0,
bracedirect.com,checked,200,2026-08-25,8,yes,0,
tonewolf.com,checked,200,2026-08-25,8,yes,0,
kickers.co.uk,checked,200,2026-08-25,9,yes,0,
fivefingerdeathpunch.com,checked,200,2026-08-25,9,yes,0,
holygrailnail.com,checked,200,2026-08-25,8,yes,0,
headandshoulders.com,checked,200,2026-08-25,9,yes,0,
hemamaps.com,checked,200,2026-08-25,8,yes,0,
3dgbire.com,checked,200,2026-08-25,9,yes,0,
bargainballoons.com,checked,200,2026-08-25,9,yes,0,
stepaheadshoes.co.za,checked,200,2026-08-25,8,yes,0,
wildatlanticsurfco.com,unreachable,,,,,,
soolinen.com,checked,200,2026-08-25,8,yes,0,
hareruya3.com,checked,200,2026-08-25,9,yes,0,
functionofbeauty.com,checked,200,2026-08-25,8,yes,0,
herocosmetics.us,checked,200,2026-08-25,9,yes,0,
sidi.com,checked,200,2026-08-25,8,yes,0,
alphapaw.com,checked,200,2026-08-25,9,yes,0,
thebeardclub.com,checked,200,2026-08-25,9,yes,0,
mikasa.com,checked,200,2026-08-25,9,yes,0,
thespraysource.com,checked,200,2026-08-25,9,yes,0,
advancedmixology.com,checked,200,2026-08-25,8,yes,0,
colorfulstandard.com,checked,200,2026-08-25,9,yes,0,
tilvalhallaproject.com,checked,200,2026-08-25,8,yes,0,
ellipal.com,checked,200,2026-08-25,9,yes,0,
chasingpaper.com,checked,200,2026-08-25,8,yes,0,
100percent.com,checked,200,2026-08-25,8,yes,0,
aputure.com,checked,200,2026-08-25,9,yes,0,
rockettstgeorge.co.uk,checked,200,2026-08-25,8,yes,0,
4elementos.com,checked,200,2026-08-25,8,yes,0,
unitedbyblue.com,checked,200,2026-08-25,9,yes,0,
bathroomnation.co.uk,checked,200,2026-08-25,8,yes,0,
garrettwade.com,checked,200,2026-08-25,8,yes,0,
batteryclerk.ca,checked,200,2026-08-25,9,yes,0,
unknowncomicbooks.com,checked,200,2026-08-25,9,yes,0,
shoplovestitch.com,checked,200,2026-08-25,9,yes,0,
mdskinlab.ca,checked,200,2026-08-25,9,yes,0,
lepivits.be,checked,200,2026-08-25,9,yes,0,
castlefineart.com,checked,200,2026-08-25,8,yes,0,
seletti.it,checked,200,2026-08-25,9,yes,0,
takingcarababies.com,checked,200,2026-08-25,9,yes,0,
feniel.com,unreachable,402,,,,,
cspracing.com,checked,200,2026-08-25,8,yes,0,
mukama.com,checked,200,2026-08-25,9,yes,0,
apos.audio,checked,200,2026-08-25,9,yes,0,
powerpointsandswitches.com.au,checked,200,2026-08-25,9,yes,0,
liforme.com,checked,200,2026-08-25,8,yes,0,
mediaworld.co.jp,checked,200,2026-08-25,9,yes,0,
houseofscuba.com,checked,200,2026-08-25,9,yes,0,
evocsports.com,checked,200,2026-08-25,9,yes,0,
lelabostore.com,checked,200,2026-08-25,9,yes,0,
hookandtackle.com,checked,200,2026-08-25,9,yes,0,
offcutsshoes.co.uk,checked,200,2026-08-25,8,yes,0,
vicegolf.com,checked,200,2026-08-25,9,yes,0,
vintagesoultx.com,checked,200,2026-08-25,9,yes,0,
goorin.com,checked,200,2026-08-25,8,yes,0,
scarlettmusic.com.au,checked,200,2026-08-25,9,yes,0,
sherrihill.com,checked,200,2026-08-25,9,yes,0,
rcteam.com,checked,200,2026-08-25,9,yes,0,
bigboyswithcooltoys.ca,checked,200,2026-08-25,8,yes,0,
card-binder.com,checked,200,2026-08-25,8,yes,0,
jwanderson.com,checked,200,2026-08-25,9,yes,0,
bulbsquare.com,checked,200,2026-08-25,8,yes,0,
lecol.cc,checked,200,2026-08-25,8,yes,0,
pusheen.com,checked,200,2026-08-25,9,yes,0,
schoolhouse.com,checked,200,2026-08-25,8,yes,0,
inkbox.com,checked,200,2026-08-25,9,yes,0,
lottosport.com,checked,200,2026-08-25,9,yes,0,
birdcollective.com,checked,200,2026-08-25,8,yes,0,
muscletech.com,checked,200,2026-08-25,9,yes,0,
usolo.com,checked,200,2026-08-25,8,yes,0,
watsons87furniture.com,checked,200,2026-08-25,8,yes,0,
smartwatcharmbaender.de,checked,200,2026-08-25,8,yes,0,
mathewsinc.com,checked,200,2026-08-25,8,yes,0,
ladyavenue.com,checked,200,2026-08-25,9,yes,0,
countrylifefoods.com,checked,200,2026-08-25,9,yes,0,
gimber.com,checked,200,2026-08-25,9,yes,0,
sundaygolf.com,checked,200,2026-08-25,9,yes,0,
proguscommerce.com,checked,200,2026-08-25,8,yes,0,
zsupplyclothing.com,checked,200,2026-08-25,8,yes,0,
laelectronica.com.gt,checked,200,2026-08-25,9,yes,0,
cleansizecharts.net,checked,200,2026-08-25,9,yes,0,
cheefbotanicals.com,checked,200,2026-08-25,9,yes,0,
pepperpalace.com,checked,200,2026-08-25,8,yes,0,
aquaticarts.com,checked,200,2026-08-25,9,yes,0,
bricksmasons.com,checked,200,2026-08-25,8,yes,0,
kiiroo.com,checked,200,2026-08-25,9,yes,0,
mariobadescu.com,checked,200,2026-08-25,9,yes,0,
ownkoti.com,checked,200,2026-08-25,8,yes,0,
mastermindtoys.com,checked,200,2026-08-25,8,yes,0,
